5,flawfinder,mlpack,CWE-119
5,flawfinder,mlpack,CWE-120
5,flawfinder,mlpack,CWE-119
5,flawfinder,mlpack,CWE-120
54,flawfinder,mlpack,CWE-362
54,flawfinder,mlpack,CWE-367
55,flawfinder,mlpack,CWE-134
55,flawfinder,mlpack,CWE-134
55,flawfinder,mlpack,CWE-134
55,flawfinder,mlpack,CWE-362
55,flawfinder,mlpack,CWE-362
55,flawfinder,mlpack,CWE-126
55,flawfinder,mlpack,CWE-126
60,flawfinder,mlpack,CWE-134
60,flawfinder,mlpack,CWE-119
60,flawfinder,mlpack,CWE-120
60,flawfinder,mlpack,CWE-120
60,flawfinder,mlpack,CWE-327
60,flawfinder,mlpack,CWE-327
60,flawfinder,mlpack,CWE-327
60,flawfinder,mlpack,CWE-327
60,flawfinder,mlpack,CWE-119
60,flawfinder,mlpack,CWE-120
60,flawfinder,mlpack,CWE-120
62,flawfinder,mlpack,CWE-120
74,flawfinder,mxnet,CWE-327
89,flawfinder,mxnet,CWE-120
89,flawfinder,mxnet,CWE-120
91,flawfinder,mxnet,CWE-119
91,flawfinder,mxnet,CWE-120
91,flawfinder,mxnet,CWE-119
91,flawfinder,mxnet,CWE-120
91,flawfinder,mxnet,CWE-126
91,flawfinder,mxnet,CWE-126
91,flawfinder,mxnet,CWE-126
91,flawfinder,mxnet,CWE-126
91,flawfinder,mxnet,CWE-126
93,flawfinder,mxnet,CWE-119
93,flawfinder,mxnet,CWE-120
93,flawfinder,mxnet,CWE-119
93,flawfinder,mxnet,CWE-120
93,flawfinder,mxnet,CWE-119
93,flawfinder,mxnet,CWE-120
93,flawfinder,mxnet,CWE-119
93,flawfinder,mxnet,CWE-120
93,flawfinder,mxnet,CWE-119
93,flawfinder,mxnet,CWE-120
93,flawfinder,mxnet,CWE-119
93,flawfinder,mxnet,CWE-120
93,flawfinder,mxnet,CWE-119
93,flawfinder,mxnet,CWE-120
93,flawfinder,mxnet,CWE-119
93,flawfinder,mxnet,CWE-120
93,flawfinder,mxnet,CWE-119
93,flawfinder,mxnet,CWE-120
93,flawfinder,mxnet,CWE-119
93,flawfinder,mxnet,CWE-120
93,flawfinder,mxnet,CWE-119
93,flawfinder,mxnet,CWE-120
93,flawfinder,mxnet,CWE-119
93,flawfinder,mxnet,CWE-120
93,flawfinder,mxnet,CWE-119
93,flawfinder,mxnet,CWE-120
93,flawfinder,mxnet,CWE-119
93,flawfinder,mxnet,CWE-120
93,flawfinder,mxnet,CWE-119
93,flawfinder,mxnet,CWE-120
93,flawfinder,mxnet,CWE-119
93,flawfinder,mxnet,CWE-120
95,flawfinder,mxnet,CWE-120
95,flawfinder,mxnet,CWE-120
95,flawfinder,mxnet,CWE-120
97,flawfinder,mxnet,CWE-120
97,flawfinder,mxnet,CWE-120
97,flawfinder,mxnet,CWE-120
98,flawfinder,mxnet,CWE-120
98,flawfinder,mxnet,CWE-120
98,flawfinder,mxnet,CWE-120
99,flawfinder,mxnet,CWE-327
99,flawfinder,mxnet,CWE-327
99,flawfinder,mxnet,CWE-120
99,flawfinder,mxnet,CWE-120
99,flawfinder,mxnet,CWE-190
99,flawfinder,mxnet,CWE-190
99,flawfinder,mxnet,CWE-190
99,flawfinder,mxnet,CWE-190
99,flawfinder,mxnet,CWE-120
99,flawfinder,mxnet,CWE-20
100,flawfinder,mxnet,CWE-120
100,flawfinder,mxnet,CWE-120
100,flawfinder,mxnet,CWE-120
106,flawfinder,mxnet,CWE-190
106,flawfinder,mxnet,CWE-120
106,flawfinder,mxnet,CWE-120
106,flawfinder,mxnet,CWE-120
114,flawfinder,mxnet,CWE-362
114,flawfinder,mxnet,CWE-367
114,flawfinder,mxnet,CWE-362
114,flawfinder,mxnet,CWE-367
114,flawfinder,mxnet,CWE-362
114,flawfinder,mxnet,CWE-367
114,flawfinder,mxnet,CWE-362
114,flawfinder,mxnet,CWE-367
114,flawfinder,mxnet,CWE-362
114,flawfinder,mxnet,CWE-367
114,flawfinder,mxnet,CWE-362
114,flawfinder,mxnet,CWE-367
123,flawfinder,mxnet,CWE-120
123,flawfinder,mxnet,CWE-120
123,flawfinder,mxnet,CWE-120
123,flawfinder,mxnet,CWE-190
124,flawfinder,mxnet,CWE-190
133,flawfinder,pytorch,CWE-807
133,flawfinder,pytorch,CWE-20
133,flawfinder,pytorch,CWE-120
138,flawfinder,pytorch,CWE-120
162,flawfinder,pytorch,CWE-362
162,flawfinder,pytorch,CWE-120
162,flawfinder,pytorch,CWE-20
162,flawfinder,pytorch,CWE-120
162,flawfinder,pytorch,CWE-20
162,flawfinder,pytorch,CWE-120
162,flawfinder,pytorch,CWE-20
162,flawfinder,pytorch,CWE-120
162,flawfinder,pytorch,CWE-20
162,flawfinder,pytorch,CWE-120
162,flawfinder,pytorch,CWE-20
162,flawfinder,pytorch,CWE-120
162,flawfinder,pytorch,CWE-20
162,flawfinder,pytorch,CWE-120
162,flawfinder,pytorch,CWE-20
162,flawfinder,pytorch,CWE-120
162,flawfinder,pytorch,CWE-20
162,flawfinder,pytorch,CWE-120
162,flawfinder,pytorch,CWE-20
162,flawfinder,pytorch,CWE-120
162,flawfinder,pytorch,CWE-20
165,flawfinder,pytorch,CWE-119
165,flawfinder,pytorch,CWE-120
168,flawfinder,pytorch,CWE-120
172,flawfinder,pytorch,CWE-134
172,flawfinder,pytorch,CWE-120
190,flawfinder,pytorch,CWE-120
193,flawfinder,pytorch,CWE-120
193,flawfinder,pytorch,CWE-120
193,flawfinder,pytorch,CWE-126
193,flawfinder,pytorch,CWE-126
193,flawfinder,pytorch,CWE-126
197,flawfinder,pytorch,CWE-807
197,flawfinder,pytorch,CWE-20
197,flawfinder,pytorch,CWE-807
197,flawfinder,pytorch,CWE-20
197,flawfinder,pytorch,CWE-807
197,flawfinder,pytorch,CWE-20
197,flawfinder,pytorch,CWE-807
197,flawfinder,pytorch,CWE-20
198,flawfinder,pytorch,CWE-120
198,flawfinder,pytorch,CWE-120
198,flawfinder,pytorch,CWE-126
198,flawfinder,pytorch,CWE-126
198,flawfinder,pytorch,CWE-126
204,flawfinder,tensorflow,CWE-120
204,flawfinder,tensorflow,CWE-120
204,flawfinder,tensorflow,CWE-120
204,flawfinder,tensorflow,CWE-120
204,flawfinder,tensorflow,CWE-120
204,flawfinder,tensorflow,CWE-120
204,flawfinder,tensorflow,CWE-120
204,flawfinder,tensorflow,CWE-120
210,flawfinder,tensorflow,CWE-120
210,flawfinder,tensorflow,CWE-120
222,flawfinder,tensorflow,CWE-120
222,flawfinder,tensorflow,CWE-120
222,flawfinder,tensorflow,CWE-120
222,flawfinder,tensorflow,CWE-120
222,flawfinder,tensorflow,CWE-120
222,flawfinder,tensorflow,CWE-120
222,flawfinder,tensorflow,CWE-120
223,flawfinder,tensorflow,CWE-120
223,flawfinder,tensorflow,CWE-120
223,flawfinder,tensorflow,CWE-120
223,flawfinder,tensorflow,CWE-120
223,flawfinder,tensorflow,CWE-120
223,flawfinder,tensorflow,CWE-120
223,flawfinder,tensorflow,CWE-120
223,flawfinder,tensorflow,CWE-120
223,flawfinder,tensorflow,CWE-120
223,flawfinder,tensorflow,CWE-120
229,flawfinder,tensorflow,CWE-120
229,flawfinder,tensorflow,CWE-120
229,flawfinder,tensorflow,CWE-120
229,flawfinder,tensorflow,CWE-120
229,flawfinder,tensorflow,CWE-120
229,flawfinder,tensorflow,CWE-120
229,flawfinder,tensorflow,CWE-120
229,flawfinder,tensorflow,CWE-120
229,flawfinder,tensorflow,CWE-120
229,flawfinder,tensorflow,CWE-120
229,flawfinder,tensorflow,CWE-120
229,flawfinder,tensorflow,CWE-120
229,flawfinder,tensorflow,CWE-120
229,flawfinder,tensorflow,CWE-120
229,flawfinder,tensorflow,CWE-120
229,flawfinder,tensorflow,CWE-120
229,flawfinder,tensorflow,CWE-120
229,flawfinder,tensorflow,CWE-120
229,flawfinder,tensorflow,CWE-120
229,flawfinder,tensorflow,CWE-120
229,flawfinder,tensorflow,CWE-120
229,flawfinder,tensorflow,CWE-120
229,flawfinder,tensorflow,CWE-120
229,flawfinder,tensorflow,CWE-120
229,flawfinder,tensorflow,CWE-120
229,flawfinder,tensorflow,CWE-120
229,flawfinder,tensorflow,CWE-120
229,flawfinder,tensorflow,CWE-120
229,flawfinder,tensorflow,CWE-120
229,flawfinder,tensorflow,CWE-120
229,flawfinder,tensorflow,CWE-120
229,flawfinder,tensorflow,CWE-120
229,flawfinder,tensorflow,CWE-120
229,flawfinder,tensorflow,CWE-120
229,flawfinder,tensorflow,CWE-120
229,flawfinder,tensorflow,CWE-120
229,flawfinder,tensorflow,CWE-120
229,flawfinder,tensorflow,CWE-120
229,flawfinder,tensorflow,CWE-120
229,flawfinder,tensorflow,CWE-120
229,flawfinder,tensorflow,CWE-120
229,flawfinder,tensorflow,CWE-120
229,flawfinder,tensorflow,CWE-120
229,flawfinder,tensorflow,CWE-120
229,flawfinder,tensorflow,CWE-120
229,flawfinder,tensorflow,CWE-120
229,flawfinder,tensorflow,CWE-120
229,flawfinder,tensorflow,CWE-120
229,flawfinder,tensorflow,CWE-120
229,flawfinder,tensorflow,CWE-120
229,flawfinder,tensorflow,CWE-120
229,flawfinder,tensorflow,CWE-120
229,flawfinder,tensorflow,CWE-120
229,flawfinder,tensorflow,CWE-120
229,flawfinder,tensorflow,CWE-120
229,flawfinder,tensorflow,CWE-120
229,flawfinder,tensorflow,CWE-120
229,flawfinder,tensorflow,CWE-120
229,flawfinder,tensorflow,CWE-120
229,flawfinder,tensorflow,CWE-120
229,flawfinder,tensorflow,CWE-120
229,flawfinder,tensorflow,CWE-120
229,flawfinder,tensorflow,CWE-120
229,flawfinder,tensorflow,CWE-120
229,flawfinder,tensorflow,CWE-120
229,flawfinder,tensorflow,CWE-120
229,flawfinder,tensorflow,CWE-120
229,flawfinder,tensorflow,CWE-120
229,flawfinder,tensorflow,CWE-120
229,flawfinder,tensorflow,CWE-120
229,flawfinder,tensorflow,CWE-120
229,flawfinder,tensorflow,CWE-120
229,flawfinder,tensorflow,CWE-120
229,flawfinder,tensorflow,CWE-120
229,flawfinder,tensorflow,CWE-120
229,flawfinder,tensorflow,CWE-120
229,flawfinder,tensorflow,CWE-120
229,flawfinder,tensorflow,CWE-120
229,flawfinder,tensorflow,CWE-120
234,flawfinder,tensorflow,CWE-120
234,flawfinder,tensorflow,CWE-120
234,flawfinder,tensorflow,CWE-120
235,flawfinder,tensorflow,CWE-120
236,flawfinder,tensorflow,CWE-120
236,flawfinder,tensorflow,CWE-120
236,flawfinder,tensorflow,CWE-120
236,flawfinder,tensorflow,CWE-120
236,flawfinder,tensorflow,CWE-120
236,flawfinder,tensorflow,CWE-120
236,flawfinder,tensorflow,CWE-120
236,flawfinder,tensorflow,CWE-120
236,flawfinder,tensorflow,CWE-120
236,flawfinder,tensorflow,CWE-120
236,flawfinder,tensorflow,CWE-120
236,flawfinder,tensorflow,CWE-120
236,flawfinder,tensorflow,CWE-120
236,flawfinder,tensorflow,CWE-120
236,flawfinder,tensorflow,CWE-120
236,flawfinder,tensorflow,CWE-120
236,flawfinder,tensorflow,CWE-120
236,flawfinder,tensorflow,CWE-120
236,flawfinder,tensorflow,CWE-120
236,flawfinder,tensorflow,CWE-120
236,flawfinder,tensorflow,CWE-120
236,flawfinder,tensorflow,CWE-327
240,flawfinder,tensorflow,CWE-126
243,flawfinder,tensorflow,CWE-126
243,flawfinder,tensorflow,CWE-126
244,flawfinder,tensorflow,CWE-120
245,flawfinder,tensorflow,CWE-120
245,flawfinder,tensorflow,CWE-120
245,flawfinder,tensorflow,CWE-120
245,flawfinder,tensorflow,CWE-120
245,flawfinder,tensorflow,CWE-120
245,flawfinder,tensorflow,CWE-120
245,flawfinder,tensorflow,CWE-120
245,flawfinder,tensorflow,CWE-120
245,flawfinder,tensorflow,CWE-120
245,flawfinder,tensorflow,CWE-120
245,flawfinder,tensorflow,CWE-120
245,flawfinder,tensorflow,CWE-120
245,flawfinder,tensorflow,CWE-120
247,flawfinder,tensorflow,CWE-126
251,flawfinder,tensorflow,CWE-126
256,flawfinder,tensorflow,CWE-126
258,flawfinder,tensorflow,CWE-120
258,flawfinder,tensorflow,CWE-120
258,flawfinder,tensorflow,CWE-120
258,flawfinder,tensorflow,CWE-120
258,flawfinder,tensorflow,CWE-120
258,flawfinder,tensorflow,CWE-120
258,flawfinder,tensorflow,CWE-120
258,flawfinder,tensorflow,CWE-126
258,flawfinder,tensorflow,CWE-126
258,flawfinder,tensorflow,CWE-126
258,flawfinder,tensorflow,CWE-126
258,flawfinder,tensorflow,CWE-126
267,flawfinder,tensorflow,CWE-120
269,flawfinder,tensorflow,CWE-120
269,flawfinder,tensorflow,CWE-120
269,flawfinder,tensorflow,CWE-120
269,flawfinder,tensorflow,CWE-120
269,flawfinder,tensorflow,CWE-120
269,flawfinder,tensorflow,CWE-120
269,flawfinder,tensorflow,CWE-120
269,flawfinder,tensorflow,CWE-120
269,flawfinder,tensorflow,CWE-120
269,flawfinder,tensorflow,CWE-120
270,flawfinder,tensorflow,CWE-120
272,flawfinder,tensorflow,CWE-120
272,flawfinder,tensorflow,CWE-120
272,flawfinder,tensorflow,CWE-120
272,flawfinder,tensorflow,CWE-120
272,flawfinder,tensorflow,CWE-120
275,flawfinder,tensorflow,CWE-120
277,flawfinder,tensorflow,CWE-327
277,flawfinder,tensorflow,CWE-327
277,flawfinder,tensorflow,CWE-327
277,flawfinder,tensorflow,CWE-327
277,flawfinder,tensorflow,CWE-327
277,flawfinder,tensorflow,CWE-327
277,flawfinder,tensorflow,CWE-327
277,flawfinder,tensorflow,CWE-327
277,flawfinder,tensorflow,CWE-327
277,flawfinder,tensorflow,CWE-327
277,flawfinder,tensorflow,CWE-327
277,flawfinder,tensorflow,CWE-327
277,flawfinder,tensorflow,CWE-327
277,flawfinder,tensorflow,CWE-327
277,flawfinder,tensorflow,CWE-327
277,flawfinder,tensorflow,CWE-327
277,flawfinder,tensorflow,CWE-327
277,flawfinder,tensorflow,CWE-327
277,flawfinder,tensorflow,CWE-327
277,flawfinder,tensorflow,CWE-327
277,flawfinder,tensorflow,CWE-327
277,flawfinder,tensorflow,CWE-327
277,flawfinder,tensorflow,CWE-327
277,flawfinder,tensorflow,CWE-327
277,flawfinder,tensorflow,CWE-327
277,flawfinder,tensorflow,CWE-327
277,flawfinder,tensorflow,CWE-327
277,flawfinder,tensorflow,CWE-327
277,flawfinder,tensorflow,CWE-327
277,flawfinder,tensorflow,CWE-327
277,flawfinder,tensorflow,CWE-327
277,flawfinder,tensorflow,CWE-327
277,flawfinder,tensorflow,CWE-327
277,flawfinder,tensorflow,CWE-327
277,flawfinder,tensorflow,CWE-327
277,flawfinder,tensorflow,CWE-327
277,flawfinder,tensorflow,CWE-327
277,flawfinder,tensorflow,CWE-327
277,flawfinder,tensorflow,CWE-327
277,flawfinder,tensorflow,CWE-327
277,flawfinder,tensorflow,CWE-327
277,flawfinder,tensorflow,CWE-327
277,flawfinder,tensorflow,CWE-327
277,flawfinder,tensorflow,CWE-327
277,flawfinder,tensorflow,CWE-327
277,flawfinder,tensorflow,CWE-327
277,flawfinder,tensorflow,CWE-327
277,flawfinder,tensorflow,CWE-327
277,flawfinder,tensorflow,CWE-327
277,flawfinder,tensorflow,CWE-327
277,flawfinder,tensorflow,CWE-327
277,flawfinder,tensorflow,CWE-327
277,flawfinder,tensorflow,CWE-327
277,flawfinder,tensorflow,CWE-327
277,flawfinder,tensorflow,CWE-327
277,flawfinder,tensorflow,CWE-327
277,flawfinder,tensorflow,CWE-327
277,flawfinder,tensorflow,CWE-327
277,flawfinder,tensorflow,CWE-327
277,flawfinder,tensorflow,CWE-327
277,flawfinder,tensorflow,CWE-327
277,flawfinder,tensorflow,CWE-327
277,flawfinder,tensorflow,CWE-327
277,flawfinder,tensorflow,CWE-327
277,flawfinder,tensorflow,CWE-327
285,flawfinder,tensorflow,CWE-120
285,flawfinder,tensorflow,CWE-20
285,flawfinder,tensorflow,CWE-120
285,flawfinder,tensorflow,CWE-20
285,flawfinder,tensorflow,CWE-120
285,flawfinder,tensorflow,CWE-20
285,flawfinder,tensorflow,CWE-120
285,flawfinder,tensorflow,CWE-20
285,flawfinder,tensorflow,CWE-120
285,flawfinder,tensorflow,CWE-20
285,flawfinder,tensorflow,CWE-120
285,flawfinder,tensorflow,CWE-20
285,flawfinder,tensorflow,CWE-120
285,flawfinder,tensorflow,CWE-20
285,flawfinder,tensorflow,CWE-120
285,flawfinder,tensorflow,CWE-20
285,flawfinder,tensorflow,CWE-120
285,flawfinder,tensorflow,CWE-20
286,flawfinder,tensorflow,CWE-120
286,flawfinder,tensorflow,CWE-120
289,flawfinder,tensorflow,CWE-120
289,flawfinder,tensorflow,CWE-120
289,flawfinder,tensorflow,CWE-120
289,flawfinder,tensorflow,CWE-120
289,flawfinder,tensorflow,CWE-120
289,flawfinder,tensorflow,CWE-120
289,flawfinder,tensorflow,CWE-120
289,flawfinder,tensorflow,CWE-120
289,flawfinder,tensorflow,CWE-120
289,flawfinder,tensorflow,CWE-120
289,flawfinder,tensorflow,CWE-120
289,flawfinder,tensorflow,CWE-120
289,flawfinder,tensorflow,CWE-120
289,flawfinder,tensorflow,CWE-120
289,flawfinder,tensorflow,CWE-120
289,flawfinder,tensorflow,CWE-120
289,flawfinder,tensorflow,CWE-120
289,flawfinder,tensorflow,CWE-120
289,flawfinder,tensorflow,CWE-120
289,flawfinder,tensorflow,CWE-120
289,flawfinder,tensorflow,CWE-120
289,flawfinder,tensorflow,CWE-120
289,flawfinder,tensorflow,CWE-120
289,flawfinder,tensorflow,CWE-362
289,flawfinder,tensorflow,CWE-362
289,flawfinder,tensorflow,CWE-120
289,flawfinder,tensorflow,CWE-20
290,flawfinder,tensorflow,CWE-120
290,flawfinder,tensorflow,CWE-120
290,flawfinder,tensorflow,CWE-120
290,flawfinder,tensorflow,CWE-120
290,flawfinder,tensorflow,CWE-120
290,flawfinder,tensorflow,CWE-120
290,flawfinder,tensorflow,CWE-120
290,flawfinder,tensorflow,CWE-120
290,flawfinder,tensorflow,CWE-120
291,flawfinder,tensorflow,CWE-120
293,flawfinder,tensorflow,CWE-120
293,flawfinder,tensorflow,CWE-120
293,flawfinder,tensorflow,CWE-120
293,flawfinder,tensorflow,CWE-120
293,flawfinder,tensorflow,CWE-120
293,flawfinder,tensorflow,CWE-120
293,flawfinder,tensorflow,CWE-120
293,flawfinder,tensorflow,CWE-120
293,flawfinder,tensorflow,CWE-120
293,flawfinder,tensorflow,CWE-120
293,flawfinder,tensorflow,CWE-120
294,flawfinder,tensorflow,CWE-120
295,flawfinder,tensorflow,CWE-120
295,flawfinder,tensorflow,CWE-120
295,flawfinder,tensorflow,CWE-120
295,flawfinder,tensorflow,CWE-120
296,flawfinder,tensorflow,CWE-120
301,flawfinder,tensorflow,CWE-120
301,flawfinder,tensorflow,CWE-120
301,flawfinder,tensorflow,CWE-120
301,flawfinder,tensorflow,CWE-120
301,flawfinder,tensorflow,CWE-120
301,flawfinder,tensorflow,CWE-120
301,flawfinder,tensorflow,CWE-120
301,flawfinder,tensorflow,CWE-120
301,flawfinder,tensorflow,CWE-120
301,flawfinder,tensorflow,CWE-120
301,flawfinder,tensorflow,CWE-120
301,flawfinder,tensorflow,CWE-120
301,flawfinder,tensorflow,CWE-120
301,flawfinder,tensorflow,CWE-120
301,flawfinder,tensorflow,CWE-120
301,flawfinder,tensorflow,CWE-120
301,flawfinder,tensorflow,CWE-120
301,flawfinder,tensorflow,CWE-120
301,flawfinder,tensorflow,CWE-120
301,flawfinder,tensorflow,CWE-120
301,flawfinder,tensorflow,CWE-120
301,flawfinder,tensorflow,CWE-120
301,flawfinder,tensorflow,CWE-120
301,flawfinder,tensorflow,CWE-120
301,flawfinder,tensorflow,CWE-120
301,flawfinder,tensorflow,CWE-120
301,flawfinder,tensorflow,CWE-120
306,flawfinder,tensorflow,CWE-120
306,flawfinder,tensorflow,CWE-120
312,flawfinder,tensorflow,CWE-120
312,flawfinder,tensorflow,CWE-120
312,flawfinder,tensorflow,CWE-120
313,flawfinder,tensorflow,CWE-126
317,flawfinder,tensorflow,CWE-120
317,flawfinder,tensorflow,CWE-120
317,flawfinder,tensorflow,CWE-120
317,flawfinder,tensorflow,CWE-120
317,flawfinder,tensorflow,CWE-120
317,flawfinder,tensorflow,CWE-120
321,flawfinder,tensorflow,CWE-120
321,flawfinder,tensorflow,CWE-120
321,flawfinder,tensorflow,CWE-120
321,flawfinder,tensorflow,CWE-120
321,flawfinder,tensorflow,CWE-120
321,flawfinder,tensorflow,CWE-120
321,flawfinder,tensorflow,CWE-120
321,flawfinder,tensorflow,CWE-120
321,flawfinder,tensorflow,CWE-120
321,flawfinder,tensorflow,CWE-120
321,flawfinder,tensorflow,CWE-120
321,flawfinder,tensorflow,CWE-120
321,flawfinder,tensorflow,CWE-120
321,flawfinder,tensorflow,CWE-120
321,flawfinder,tensorflow,CWE-120
321,flawfinder,tensorflow,CWE-120
321,flawfinder,tensorflow,CWE-120
321,flawfinder,tensorflow,CWE-120
321,flawfinder,tensorflow,CWE-120
321,flawfinder,tensorflow,CWE-120
321,flawfinder,tensorflow,CWE-120
321,flawfinder,tensorflow,CWE-120
321,flawfinder,tensorflow,CWE-120
321,flawfinder,tensorflow,CWE-120
321,flawfinder,tensorflow,CWE-120
321,flawfinder,tensorflow,CWE-120
321,flawfinder,tensorflow,CWE-120
321,flawfinder,tensorflow,CWE-120
321,flawfinder,tensorflow,CWE-120
321,flawfinder,tensorflow,CWE-120
321,flawfinder,tensorflow,CWE-120
321,flawfinder,tensorflow,CWE-120
321,flawfinder,tensorflow,CWE-120
321,flawfinder,tensorflow,CWE-120
321,flawfinder,tensorflow,CWE-120
321,flawfinder,tensorflow,CWE-120
321,flawfinder,tensorflow,CWE-120
321,flawfinder,tensorflow,CWE-120
321,flawfinder,tensorflow,CWE-120
321,flawfinder,tensorflow,CWE-120
321,flawfinder,tensorflow,CWE-120
321,flawfinder,tensorflow,CWE-120
321,flawfinder,tensorflow,CWE-120
321,flawfinder,tensorflow,CWE-120
321,flawfinder,tensorflow,CWE-120
321,flawfinder,tensorflow,CWE-120
322,flawfinder,tensorflow,CWE-120
322,flawfinder,tensorflow,CWE-120
322,flawfinder,tensorflow,CWE-120
322,flawfinder,tensorflow,CWE-120
322,flawfinder,tensorflow,CWE-120
322,flawfinder,tensorflow,CWE-120
322,flawfinder,tensorflow,CWE-120
322,flawfinder,tensorflow,CWE-120
322,flawfinder,tensorflow,CWE-120
322,flawfinder,tensorflow,CWE-120
322,flawfinder,tensorflow,CWE-120
322,flawfinder,tensorflow,CWE-120
322,flawfinder,tensorflow,CWE-120
322,flawfinder,tensorflow,CWE-120
322,flawfinder,tensorflow,CWE-120
322,flawfinder,tensorflow,CWE-120
324,flawfinder,tensorflow,CWE-120
324,flawfinder,tensorflow,CWE-120
324,flawfinder,tensorflow,CWE-120
324,flawfinder,tensorflow,CWE-120
324,flawfinder,tensorflow,CWE-120
324,flawfinder,tensorflow,CWE-120
324,flawfinder,tensorflow,CWE-120
324,flawfinder,tensorflow,CWE-120
324,flawfinder,tensorflow,CWE-120
324,flawfinder,tensorflow,CWE-120
324,flawfinder,tensorflow,CWE-120
324,flawfinder,tensorflow,CWE-120
324,flawfinder,tensorflow,CWE-120
324,flawfinder,tensorflow,CWE-120
324,flawfinder,tensorflow,CWE-120
324,flawfinder,tensorflow,CWE-120
324,flawfinder,tensorflow,CWE-120
324,flawfinder,tensorflow,CWE-120
324,flawfinder,tensorflow,CWE-120
324,flawfinder,tensorflow,CWE-120
324,flawfinder,tensorflow,CWE-120
325,flawfinder,tensorflow,CWE-120
326,flawfinder,tensorflow,CWE-120
327,flawfinder,tensorflow,CWE-120
327,flawfinder,tensorflow,CWE-120
327,flawfinder,tensorflow,CWE-120
327,flawfinder,tensorflow,CWE-120
327,flawfinder,tensorflow,CWE-120
327,flawfinder,tensorflow,CWE-120
327,flawfinder,tensorflow,CWE-120
327,flawfinder,tensorflow,CWE-120
327,flawfinder,tensorflow,CWE-120
327,flawfinder,tensorflow,CWE-120
327,flawfinder,tensorflow,CWE-120
327,flawfinder,tensorflow,CWE-120
327,flawfinder,tensorflow,CWE-120
327,flawfinder,tensorflow,CWE-120
327,flawfinder,tensorflow,CWE-120
327,flawfinder,tensorflow,CWE-120
330,flawfinder,tensorflow,CWE-120
330,flawfinder,tensorflow,CWE-120
330,flawfinder,tensorflow,CWE-120
330,flawfinder,tensorflow,CWE-120
330,flawfinder,tensorflow,CWE-120
330,flawfinder,tensorflow,CWE-126
333,flawfinder,tensorflow,CWE-120
334,flawfinder,tensorflow,CWE-120
334,flawfinder,tensorflow,CWE-120
335,flawfinder,tensorflow,CWE-119
335,flawfinder,tensorflow,CWE-120
335,flawfinder,tensorflow,CWE-119
335,flawfinder,tensorflow,CWE-120
337,flawfinder,tensorflow,CWE-120
337,flawfinder,tensorflow,CWE-120
337,flawfinder,tensorflow,CWE-126
337,flawfinder,tensorflow,CWE-126
337,flawfinder,tensorflow,CWE-126
337,flawfinder,tensorflow,CWE-126
341,flawfinder,tensorflow,CWE-120
341,flawfinder,tensorflow,CWE-120
341,flawfinder,tensorflow,CWE-120
341,flawfinder,tensorflow,CWE-120
341,flawfinder,tensorflow,CWE-120
341,flawfinder,tensorflow,CWE-120
341,flawfinder,tensorflow,CWE-120
341,flawfinder,tensorflow,CWE-120
341,flawfinder,tensorflow,CWE-120
341,flawfinder,tensorflow,CWE-120
341,flawfinder,tensorflow,CWE-120
341,flawfinder,tensorflow,CWE-120
341,flawfinder,tensorflow,CWE-120
341,flawfinder,tensorflow,CWE-120
343,flawfinder,tensorflow,CWE-120
343,flawfinder,tensorflow,CWE-120
343,flawfinder,tensorflow,CWE-120
343,flawfinder,tensorflow,CWE-120
343,flawfinder,tensorflow,CWE-120
344,flawfinder,tensorflow,CWE-126
345,flawfinder,tensorflow,CWE-119
345,flawfinder,tensorflow,CWE-120
345,flawfinder,tensorflow,CWE-119
345,flawfinder,tensorflow,CWE-120
346,flawfinder,tensorflow,CWE-120
346,flawfinder,tensorflow,CWE-120
346,flawfinder,tensorflow,CWE-120
346,flawfinder,tensorflow,CWE-120
346,flawfinder,tensorflow,CWE-120
346,flawfinder,tensorflow,CWE-327
350,flawfinder,tensorflow,CWE-120
350,flawfinder,tensorflow,CWE-120
350,flawfinder,tensorflow,CWE-120
350,flawfinder,tensorflow,CWE-120
350,flawfinder,tensorflow,CWE-120
350,flawfinder,tensorflow,CWE-120
350,flawfinder,tensorflow,CWE-120
350,flawfinder,tensorflow,CWE-120
350,flawfinder,tensorflow,CWE-120
350,flawfinder,tensorflow,CWE-120
350,flawfinder,tensorflow,CWE-120
352,flawfinder,tensorflow,CWE-327
352,flawfinder,tensorflow,CWE-120
352,flawfinder,tensorflow,CWE-120
352,flawfinder,tensorflow,CWE-120
353,flawfinder,tensorflow,CWE-120
353,flawfinder,tensorflow,CWE-120
353,flawfinder,tensorflow,CWE-120
353,flawfinder,tensorflow,CWE-120
355,flawfinder,tensorflow,CWE-120
355,flawfinder,tensorflow,CWE-120
355,flawfinder,tensorflow,CWE-120
355,flawfinder,tensorflow,CWE-120
355,flawfinder,tensorflow,CWE-120
355,flawfinder,tensorflow,CWE-120
355,flawfinder,tensorflow,CWE-120
355,flawfinder,tensorflow,CWE-120
355,flawfinder,tensorflow,CWE-120
355,flawfinder,tensorflow,CWE-120
355,flawfinder,tensorflow,CWE-120
356,flawfinder,tensorflow,CWE-120
356,flawfinder,tensorflow,CWE-120
358,flawfinder,tensorflow,CWE-120
358,flawfinder,tensorflow,CWE-120
358,flawfinder,tensorflow,CWE-120
358,flawfinder,tensorflow,CWE-120
358,flawfinder,tensorflow,CWE-120
358,flawfinder,tensorflow,CWE-120
358,flawfinder,tensorflow,CWE-120
358,flawfinder,tensorflow,CWE-120
358,flawfinder,tensorflow,CWE-120
358,flawfinder,tensorflow,CWE-120
358,flawfinder,tensorflow,CWE-120
358,flawfinder,tensorflow,CWE-120
358,flawfinder,tensorflow,CWE-120
358,flawfinder,tensorflow,CWE-120
358,flawfinder,tensorflow,CWE-120
358,flawfinder,tensorflow,CWE-120
358,flawfinder,tensorflow,CWE-120
358,flawfinder,tensorflow,CWE-120
358,flawfinder,tensorflow,CWE-120
358,flawfinder,tensorflow,CWE-120
358,flawfinder,tensorflow,CWE-120
358,flawfinder,tensorflow,CWE-120
358,flawfinder,tensorflow,CWE-120
358,flawfinder,tensorflow,CWE-120
358,flawfinder,tensorflow,CWE-120
358,flawfinder,tensorflow,CWE-120
358,flawfinder,tensorflow,CWE-120
358,flawfinder,tensorflow,CWE-120
358,flawfinder,tensorflow,CWE-120
358,flawfinder,tensorflow,CWE-120
358,flawfinder,tensorflow,CWE-120
358,flawfinder,tensorflow,CWE-120
358,flawfinder,tensorflow,CWE-120
358,flawfinder,tensorflow,CWE-120
361,flawfinder,tensorflow,CWE-120
361,flawfinder,tensorflow,CWE-120
362,flawfinder,tensorflow,CWE-120
362,flawfinder,tensorflow,CWE-120
366,flawfinder,tensorflow,CWE-120
366,flawfinder,tensorflow,CWE-120
366,flawfinder,tensorflow,CWE-120
366,flawfinder,tensorflow,CWE-327
366,flawfinder,tensorflow,CWE-327
366,flawfinder,tensorflow,CWE-807
366,flawfinder,tensorflow,CWE-20
366,flawfinder,tensorflow,CWE-120
366,flawfinder,tensorflow,CWE-120
366,flawfinder,tensorflow,CWE-120
367,flawfinder,tensorflow,CWE-120
367,flawfinder,tensorflow,CWE-120
367,flawfinder,tensorflow,CWE-120
370,flawfinder,tensorflow,CWE-120
370,flawfinder,tensorflow,CWE-120
370,flawfinder,tensorflow,CWE-120
370,flawfinder,tensorflow,CWE-120
370,flawfinder,tensorflow,CWE-120
370,flawfinder,tensorflow,CWE-120
370,flawfinder,tensorflow,CWE-120
370,flawfinder,tensorflow,CWE-134
370,flawfinder,tensorflow,CWE-119
370,flawfinder,tensorflow,CWE-120
370,flawfinder,tensorflow,CWE-119
370,flawfinder,tensorflow,CWE-120
370,flawfinder,tensorflow,CWE-119
370,flawfinder,tensorflow,CWE-120
370,flawfinder,tensorflow,CWE-126
370,flawfinder,tensorflow,CWE-126
371,flawfinder,tensorflow,CWE-120
371,flawfinder,tensorflow,CWE-120
371,flawfinder,tensorflow,CWE-120
371,flawfinder,tensorflow,CWE-120
371,flawfinder,tensorflow,CWE-120
371,flawfinder,tensorflow,CWE-120
371,flawfinder,tensorflow,CWE-120
371,flawfinder,tensorflow,CWE-120
371,flawfinder,tensorflow,CWE-120
371,flawfinder,tensorflow,CWE-126
371,flawfinder,tensorflow,CWE-126
372,flawfinder,tensorflow,CWE-120
372,flawfinder,tensorflow,CWE-120
372,flawfinder,tensorflow,CWE-120
372,flawfinder,tensorflow,CWE-120
372,flawfinder,tensorflow,CWE-120
372,flawfinder,tensorflow,CWE-120
372,flawfinder,tensorflow,CWE-120
372,flawfinder,tensorflow,CWE-120
373,flawfinder,tensorflow,CWE-120
376,flawfinder,tensorflow,CWE-120
376,flawfinder,tensorflow,CWE-120
376,flawfinder,tensorflow,CWE-120
376,flawfinder,tensorflow,CWE-120
376,flawfinder,tensorflow,CWE-120
376,flawfinder,tensorflow,CWE-120
376,flawfinder,tensorflow,CWE-120
380,flawfinder,tensorflow,CWE-120
382,flawfinder,tensorflow,CWE-120
382,flawfinder,tensorflow,CWE-120
382,flawfinder,tensorflow,CWE-327
382,flawfinder,tensorflow,CWE-327
383,flawfinder,tensorflow,CWE-120
384,flawfinder,tensorflow,CWE-120
384,flawfinder,tensorflow,CWE-120
385,flawfinder,tensorflow,CWE-120
385,flawfinder,tensorflow,CWE-120
385,flawfinder,tensorflow,CWE-120
385,flawfinder,tensorflow,CWE-120
386,flawfinder,tensorflow,CWE-120
386,flawfinder,tensorflow,CWE-120
387,flawfinder,tensorflow,CWE-120
387,flawfinder,tensorflow,CWE-126
391,flawfinder,tensorflow,CWE-120
391,flawfinder,tensorflow,CWE-120
391,flawfinder,tensorflow,CWE-120
391,flawfinder,tensorflow,CWE-120
391,flawfinder,tensorflow,CWE-327
392,flawfinder,tensorflow,CWE-120
393,flawfinder,tensorflow,CWE-327
393,flawfinder,tensorflow,CWE-327
393,flawfinder,tensorflow,CWE-327
393,flawfinder,tensorflow,CWE-327
393,flawfinder,tensorflow,CWE-327
393,flawfinder,tensorflow,CWE-327
393,flawfinder,tensorflow,CWE-327
395,flawfinder,tensorflow,CWE-120
395,flawfinder,tensorflow,CWE-120
395,flawfinder,tensorflow,CWE-120
395,flawfinder,tensorflow,CWE-120
395,flawfinder,tensorflow,CWE-120
395,flawfinder,tensorflow,CWE-120
395,flawfinder,tensorflow,CWE-120
395,flawfinder,tensorflow,CWE-120
395,flawfinder,tensorflow,CWE-120
395,flawfinder,tensorflow,CWE-120
395,flawfinder,tensorflow,CWE-120
396,flawfinder,tensorflow,CWE-120
396,flawfinder,tensorflow,CWE-120
396,flawfinder,tensorflow,CWE-120
396,flawfinder,tensorflow,CWE-120
396,flawfinder,tensorflow,CWE-120
396,flawfinder,tensorflow,CWE-120
396,flawfinder,tensorflow,CWE-120
396,flawfinder,tensorflow,CWE-120
396,flawfinder,tensorflow,CWE-120
396,flawfinder,tensorflow,CWE-120
396,flawfinder,tensorflow,CWE-120
396,flawfinder,tensorflow,CWE-120
396,flawfinder,tensorflow,CWE-120
396,flawfinder,tensorflow,CWE-120
396,flawfinder,tensorflow,CWE-120
396,flawfinder,tensorflow,CWE-120
396,flawfinder,tensorflow,CWE-120
396,flawfinder,tensorflow,CWE-120
396,flawfinder,tensorflow,CWE-120
396,flawfinder,tensorflow,CWE-120
396,flawfinder,tensorflow,CWE-120
399,flawfinder,tensorflow,CWE-120
399,flawfinder,tensorflow,CWE-120
399,flawfinder,tensorflow,CWE-120
399,flawfinder,tensorflow,CWE-120
399,flawfinder,tensorflow,CWE-120
399,flawfinder,tensorflow,CWE-120
399,flawfinder,tensorflow,CWE-120
399,flawfinder,tensorflow,CWE-120
399,flawfinder,tensorflow,CWE-120
399,flawfinder,tensorflow,CWE-120
399,flawfinder,tensorflow,CWE-120
399,flawfinder,tensorflow,CWE-120
399,flawfinder,tensorflow,CWE-120
399,flawfinder,tensorflow,CWE-120
399,flawfinder,tensorflow,CWE-120
399,flawfinder,tensorflow,CWE-120
399,flawfinder,tensorflow,CWE-120
399,flawfinder,tensorflow,CWE-120
399,flawfinder,tensorflow,CWE-120
399,flawfinder,tensorflow,CWE-120
399,flawfinder,tensorflow,CWE-120
399,flawfinder,tensorflow,CWE-120
399,flawfinder,tensorflow,CWE-120
399,flawfinder,tensorflow,CWE-120
399,flawfinder,tensorflow,CWE-120
399,flawfinder,tensorflow,CWE-120
399,flawfinder,tensorflow,CWE-120
399,flawfinder,tensorflow,CWE-120
399,flawfinder,tensorflow,CWE-120
399,flawfinder,tensorflow,CWE-120
399,flawfinder,tensorflow,CWE-120
399,flawfinder,tensorflow,CWE-120
399,flawfinder,tensorflow,CWE-120
399,flawfinder,tensorflow,CWE-120
399,flawfinder,tensorflow,CWE-120
399,flawfinder,tensorflow,CWE-120
399,flawfinder,tensorflow,CWE-120
399,flawfinder,tensorflow,CWE-120
399,flawfinder,tensorflow,CWE-120
399,flawfinder,tensorflow,CWE-120
399,flawfinder,tensorflow,CWE-120
399,flawfinder,tensorflow,CWE-120
399,flawfinder,tensorflow,CWE-120
399,flawfinder,tensorflow,CWE-120
399,flawfinder,tensorflow,CWE-120
399,flawfinder,tensorflow,CWE-126
399,flawfinder,tensorflow,CWE-126
401,flawfinder,tensorflow,CWE-120
401,flawfinder,tensorflow,CWE-120
401,flawfinder,tensorflow,CWE-120
401,flawfinder,tensorflow,CWE-120
401,flawfinder,tensorflow,CWE-120
401,flawfinder,tensorflow,CWE-120
401,flawfinder,tensorflow,CWE-120
401,flawfinder,tensorflow,CWE-120
401,flawfinder,tensorflow,CWE-120
401,flawfinder,tensorflow,CWE-120
401,flawfinder,tensorflow,CWE-120
401,flawfinder,tensorflow,CWE-120
401,flawfinder,tensorflow,CWE-120
401,flawfinder,tensorflow,CWE-120
401,flawfinder,tensorflow,CWE-119
401,flawfinder,tensorflow,CWE-120
405,flawfinder,tensorflow,CWE-120
405,flawfinder,tensorflow,CWE-120
405,flawfinder,tensorflow,CWE-120
405,flawfinder,tensorflow,CWE-120
405,flawfinder,tensorflow,CWE-120
405,flawfinder,tensorflow,CWE-120
405,flawfinder,tensorflow,CWE-120
405,flawfinder,tensorflow,CWE-120
405,flawfinder,tensorflow,CWE-120
409,flawfinder,tensorflow,CWE-120
409,flawfinder,tensorflow,CWE-120
409,flawfinder,tensorflow,CWE-120
409,flawfinder,tensorflow,CWE-120
409,flawfinder,tensorflow,CWE-120
410,flawfinder,tensorflow,CWE-120
410,flawfinder,tensorflow,CWE-120
410,flawfinder,tensorflow,CWE-120
410,flawfinder,tensorflow,CWE-120
410,flawfinder,tensorflow,CWE-120
410,flawfinder,tensorflow,CWE-120
410,flawfinder,tensorflow,CWE-120
410,flawfinder,tensorflow,CWE-120
410,flawfinder,tensorflow,CWE-120
410,flawfinder,tensorflow,CWE-120
410,flawfinder,tensorflow,CWE-120
410,flawfinder,tensorflow,CWE-120
410,flawfinder,tensorflow,CWE-120
410,flawfinder,tensorflow,CWE-120
410,flawfinder,tensorflow,CWE-120
410,flawfinder,tensorflow,CWE-120
410,flawfinder,tensorflow,CWE-120
410,flawfinder,tensorflow,CWE-120
410,flawfinder,tensorflow,CWE-126
410,flawfinder,tensorflow,CWE-126
410,flawfinder,tensorflow,CWE-126
410,flawfinder,tensorflow,CWE-126
410,flawfinder,tensorflow,CWE-126
410,flawfinder,tensorflow,CWE-126
410,flawfinder,tensorflow,CWE-126
410,flawfinder,tensorflow,CWE-126
410,flawfinder,tensorflow,CWE-120
411,flawfinder,tensorflow,CWE-120
411,flawfinder,tensorflow,CWE-120
411,flawfinder,tensorflow,CWE-120
411,flawfinder,tensorflow,CWE-120
411,flawfinder,tensorflow,CWE-126
411,flawfinder,tensorflow,CWE-126
413,flawfinder,tensorflow,CWE-120
413,flawfinder,tensorflow,CWE-120
413,flawfinder,tensorflow,CWE-120
413,flawfinder,tensorflow,CWE-120
413,flawfinder,tensorflow,CWE-120
413,flawfinder,tensorflow,CWE-120
413,flawfinder,tensorflow,CWE-120
413,flawfinder,tensorflow,CWE-120
413,flawfinder,tensorflow,CWE-120
413,flawfinder,tensorflow,CWE-120
413,flawfinder,tensorflow,CWE-120
413,flawfinder,tensorflow,CWE-120
413,flawfinder,tensorflow,CWE-120
413,flawfinder,tensorflow,CWE-120
413,flawfinder,tensorflow,CWE-120
413,flawfinder,tensorflow,CWE-120
413,flawfinder,tensorflow,CWE-120
413,flawfinder,tensorflow,CWE-120
413,flawfinder,tensorflow,CWE-120
413,flawfinder,tensorflow,CWE-120
413,flawfinder,tensorflow,CWE-126
413,flawfinder,tensorflow,CWE-126
413,flawfinder,tensorflow,CWE-126
413,flawfinder,tensorflow,CWE-126
413,flawfinder,tensorflow,CWE-126
413,flawfinder,tensorflow,CWE-126
413,flawfinder,tensorflow,CWE-126
416,flawfinder,tensorflow,CWE-120
416,flawfinder,tensorflow,CWE-120
416,flawfinder,tensorflow,CWE-120
416,flawfinder,tensorflow,CWE-120
416,flawfinder,tensorflow,CWE-120
416,flawfinder,tensorflow,CWE-120
416,flawfinder,tensorflow,CWE-120
416,flawfinder,tensorflow,CWE-120
416,flawfinder,tensorflow,CWE-120
416,flawfinder,tensorflow,CWE-120
416,flawfinder,tensorflow,CWE-120
416,flawfinder,tensorflow,CWE-120
416,flawfinder,tensorflow,CWE-120
416,flawfinder,tensorflow,CWE-120
416,flawfinder,tensorflow,CWE-120
416,flawfinder,tensorflow,CWE-120
416,flawfinder,tensorflow,CWE-120
416,flawfinder,tensorflow,CWE-120
416,flawfinder,tensorflow,CWE-120
416,flawfinder,tensorflow,CWE-126
416,flawfinder,tensorflow,CWE-126
416,flawfinder,tensorflow,CWE-126
416,flawfinder,tensorflow,CWE-126
416,flawfinder,tensorflow,CWE-126
416,flawfinder,tensorflow,CWE-126
416,flawfinder,tensorflow,CWE-126
417,flawfinder,tensorflow,CWE-120
417,flawfinder,tensorflow,CWE-327
418,flawfinder,tensorflow,CWE-120
419,flawfinder,tensorflow,CWE-119
419,flawfinder,tensorflow,CWE-120
419,flawfinder,tensorflow,CWE-120
419,flawfinder,tensorflow,CWE-120
419,flawfinder,tensorflow,CWE-120
419,flawfinder,tensorflow,CWE-120
419,flawfinder,tensorflow,CWE-120
423,flawfinder,tensorflow,CWE-120
423,flawfinder,tensorflow,CWE-120
423,flawfinder,tensorflow,CWE-327
423,flawfinder,tensorflow,CWE-327
423,flawfinder,tensorflow,CWE-120
423,flawfinder,tensorflow,CWE-120
423,flawfinder,tensorflow,CWE-120
424,flawfinder,tensorflow,CWE-120
424,flawfinder,tensorflow,CWE-120
424,flawfinder,tensorflow,CWE-120
428,flawfinder,tensorflow,CWE-120
429,flawfinder,tensorflow,CWE-120
429,flawfinder,tensorflow,CWE-120
429,flawfinder,tensorflow,CWE-120
429,flawfinder,tensorflow,CWE-120
429,flawfinder,tensorflow,CWE-120
429,flawfinder,tensorflow,CWE-120
429,flawfinder,tensorflow,CWE-120
429,flawfinder,tensorflow,CWE-120
429,flawfinder,tensorflow,CWE-120
430,flawfinder,tensorflow,CWE-120
430,flawfinder,tensorflow,CWE-120
430,flawfinder,tensorflow,CWE-120
430,flawfinder,tensorflow,CWE-120
431,flawfinder,tensorflow,CWE-120
431,flawfinder,tensorflow,CWE-120
431,flawfinder,tensorflow,CWE-327
431,flawfinder,tensorflow,CWE-327
431,flawfinder,tensorflow,CWE-327
432,flawfinder,tensorflow,CWE-120
432,flawfinder,tensorflow,CWE-120
433,flawfinder,tensorflow,CWE-120
433,flawfinder,tensorflow,CWE-120
433,flawfinder,tensorflow,CWE-120
433,flawfinder,tensorflow,CWE-120
433,flawfinder,tensorflow,CWE-120
436,flawfinder,tensorflow,CWE-134
436,flawfinder,tensorflow,CWE-119
436,flawfinder,tensorflow,CWE-120
436,flawfinder,tensorflow,CWE-119
436,flawfinder,tensorflow,CWE-120
436,flawfinder,tensorflow,CWE-119
436,flawfinder,tensorflow,CWE-120
436,flawfinder,tensorflow,CWE-126
436,flawfinder,tensorflow,CWE-126
440,flawfinder,tensorflow,CWE-120
440,flawfinder,tensorflow,CWE-119
440,flawfinder,tensorflow,CWE-120
444,flawfinder,tensorflow,CWE-120
445,flawfinder,tensorflow,CWE-120
445,flawfinder,tensorflow,CWE-120
446,flawfinder,tensorflow,CWE-126
448,flawfinder,tensorflow,CWE-120
454,rats,mlpack,fixed size global buffer
454,rats,mlpack,fixed size global buffer
504,rats,mlpack,vfprintf
504,rats,mlpack,vfprintf
504,rats,mlpack,vfprintf
504,rats,mlpack,vfprintf
504,rats,mlpack,vfprintf
504,rats,mlpack,vfprintf
504,rats,mlpack,printf
504,rats,mlpack,vfprintf
504,rats,mlpack,vfprintf
504,rats,mlpack,vfprintf
504,rats,mlpack,printf
504,rats,mlpack,fgets
504,rats,mlpack,vfprintf
504,rats,mlpack,vfprintf
504,rats,mlpack,vfprintf
504,rats,mlpack,printf
504,rats,mlpack,fgets
504,rats,mlpack,strlen
504,rats,mlpack,strlen
504,rats,mlpack,vfprintf
504,rats,mlpack,vfprintf
504,rats,mlpack,vfprintf
504,rats,mlpack,printf
504,rats,mlpack,fgets
504,rats,mlpack,strlen
504,rats,mlpack,strlen
504,rats,mlpack,fixed size local buffer
504,rats,mlpack,fixed size local buffer
509,rats,mlpack,srand48
509,rats,mlpack,srand48
509,rats,mlpack,srand48
509,rats,mlpack,srand48
509,rats,mlpack,srand48
509,rats,mlpack,srand48
509,rats,mlpack,drand48
509,rats,mlpack,drand48
509,rats,mlpack,drand48
509,rats,mlpack,drand48
538,rats,mxnet,memcpy
538,rats,mxnet,memcpy
540,rats,mxnet,fixed size local buffer
542,rats,mxnet,fixed size global buffer
542,rats,mxnet,fixed size global buffer
542,rats,mxnet,fixed size global buffer
542,rats,mxnet,fixed size global buffer
542,rats,mxnet,fixed size global buffer
542,rats,mxnet,fixed size global buffer
542,rats,mxnet,fixed size global buffer
542,rats,mxnet,fixed size global buffer
542,rats,mxnet,fixed size global buffer
542,rats,mxnet,fixed size global buffer
542,rats,mxnet,fixed size global buffer
542,rats,mxnet,fixed size global buffer
542,rats,mxnet,fixed size global buffer
542,rats,mxnet,fixed size global buffer
542,rats,mxnet,fixed size global buffer
542,rats,mxnet,fixed size global buffer
542,rats,mxnet,fixed size global buffer
542,rats,mxnet,fixed size global buffer
542,rats,mxnet,fixed size global buffer
542,rats,mxnet,fixed size global buffer
542,rats,mxnet,fixed size global buffer
542,rats,mxnet,fixed size global buffer
542,rats,mxnet,fixed size global buffer
542,rats,mxnet,fixed size global buffer
542,rats,mxnet,fixed size global buffer
544,rats,mxnet,memcpy
544,rats,mxnet,memcpy
544,rats,mxnet,memcpy
546,rats,mxnet,memcpy
546,rats,mxnet,memcpy
546,rats,mxnet,memcpy
547,rats,mxnet,memcpy
547,rats,mxnet,memcpy
547,rats,mxnet,memcpy
548,rats,mxnet,memcpy
548,rats,mxnet,memcpy
548,rats,mxnet,fixed size global buffer
548,rats,mxnet,fixed size global buffer
548,rats,mxnet,read
549,rats,mxnet,signal
549,rats,mxnet,signal
549,rats,mxnet,memcpy
549,rats,mxnet,memcpy
549,rats,mxnet,memcpy
555,rats,mxnet,memcpy
555,rats,mxnet,memcpy
555,rats,mxnet,memcpy
572,rats,mxnet,memcpy
572,rats,mxnet,memcpy
572,rats,mxnet,memcpy
582,rats,pytorch,getenv
582,rats,pytorch,getenv
582,rats,pytorch,memcpy
587,rats,pytorch,memcpy
611,rats,pytorch,read
611,rats,pytorch,read
611,rats,pytorch,read
611,rats,pytorch,read
611,rats,pytorch,read
611,rats,pytorch,read
611,rats,pytorch,read
611,rats,pytorch,read
611,rats,pytorch,read
611,rats,pytorch,read
611,rats,pytorch,read
611,rats,pytorch,read
611,rats,pytorch,read
611,rats,pytorch,read
611,rats,pytorch,read
611,rats,pytorch,read
611,rats,pytorch,read
611,rats,pytorch,read
611,rats,pytorch,fixed size local buffer
614,rats,pytorch,fixed size global buffer
617,rats,pytorch,memcpy
621,rats,pytorch,memcpy
621,rats,pytorch,memcpy
621,rats,pytorch,snprintf
621,rats,pytorch,snprintf
621,rats,pytorch,snprintf
621,rats,pytorch,snprintf
639,rats,pytorch,memcpy
642,rats,pytorch,memcpy
642,rats,pytorch,memcpy
647,rats,pytorch,memcpy
647,rats,pytorch,memcpy
653,rats,tensorflow,buffer overflow
653,rats,tensorflow,buffer overflow
653,rats,tensorflow,buffer overflow
653,rats,tensorflow,buffer overflow
653,rats,tensorflow,buffer overflow
653,rats,tensorflow,buffer overflow
659,rats,tensorflow,memcpy
659,rats,tensorflow,memcpy
672,rats,tensorflow,buffer overflow
672,rats,tensorflow,buffer overflow
672,rats,tensorflow,buffer overflow
672,rats,tensorflow,buffer overflow
672,rats,tensorflow,buffer overflow
678,rats,tensorflow,buffer overflow
678,rats,tensorflow,buffer overflow
678,rats,tensorflow,buffer overflow
678,rats,tensorflow,buffer overflow
678,rats,tensorflow,buffer overflow
678,rats,tensorflow,buffer overflow
678,rats,tensorflow,buffer overflow
678,rats,tensorflow,buffer overflow
678,rats,tensorflow,buffer overflow
678,rats,tensorflow,buffer overflow
678,rats,tensorflow,buffer overflow
678,rats,tensorflow,buffer overflow
678,rats,tensorflow,buffer overflow
678,rats,tensorflow,buffer overflow
678,rats,tensorflow,buffer overflow
678,rats,tensorflow,buffer overflow
678,rats,tensorflow,buffer overflow
678,rats,tensorflow,buffer overflow
678,rats,tensorflow,buffer overflow
678,rats,tensorflow,buffer overflow
678,rats,tensorflow,buffer overflow
678,rats,tensorflow,buffer overflow
678,rats,tensorflow,buffer overflow
678,rats,tensorflow,buffer overflow
678,rats,tensorflow,buffer overflow
678,rats,tensorflow,buffer overflow
678,rats,tensorflow,buffer overflow
678,rats,tensorflow,buffer overflow
678,rats,tensorflow,buffer overflow
678,rats,tensorflow,buffer overflow
678,rats,tensorflow,buffer overflow
678,rats,tensorflow,buffer overflow
678,rats,tensorflow,buffer overflow
678,rats,tensorflow,buffer overflow
678,rats,tensorflow,buffer overflow
678,rats,tensorflow,buffer overflow
678,rats,tensorflow,buffer overflow
678,rats,tensorflow,buffer overflow
678,rats,tensorflow,buffer overflow
678,rats,tensorflow,buffer overflow
678,rats,tensorflow,buffer overflow
678,rats,tensorflow,buffer overflow
678,rats,tensorflow,buffer overflow
678,rats,tensorflow,buffer overflow
678,rats,tensorflow,buffer overflow
678,rats,tensorflow,buffer overflow
678,rats,tensorflow,buffer overflow
678,rats,tensorflow,buffer overflow
678,rats,tensorflow,buffer overflow
678,rats,tensorflow,buffer overflow
678,rats,tensorflow,buffer overflow
678,rats,tensorflow,buffer overflow
678,rats,tensorflow,buffer overflow
678,rats,tensorflow,buffer overflow
678,rats,tensorflow,buffer overflow
678,rats,tensorflow,buffer overflow
678,rats,tensorflow,buffer overflow
678,rats,tensorflow,buffer overflow
678,rats,tensorflow,buffer overflow
678,rats,tensorflow,buffer overflow
678,rats,tensorflow,buffer overflow
678,rats,tensorflow,buffer overflow
678,rats,tensorflow,buffer overflow
678,rats,tensorflow,buffer overflow
678,rats,tensorflow,buffer overflow
678,rats,tensorflow,buffer overflow
678,rats,tensorflow,buffer overflow
678,rats,tensorflow,buffer overflow
684,rats,tensorflow,realloc
684,rats,tensorflow,realloc
684,rats,tensorflow,memcpy
685,rats,tensorflow,buffer overflow
685,rats,tensorflow,buffer overflow
685,rats,tensorflow,buffer overflow
685,rats,tensorflow,buffer overflow
685,rats,tensorflow,buffer overflow
685,rats,tensorflow,buffer overflow
685,rats,tensorflow,buffer overflow
685,rats,tensorflow,buffer overflow
685,rats,tensorflow,buffer overflow
693,rats,tensorflow,memcpy
694,rats,tensorflow,buffer overflow
694,rats,tensorflow,buffer overflow
694,rats,tensorflow,buffer overflow
694,rats,tensorflow,buffer overflow
694,rats,tensorflow,buffer overflow
694,rats,tensorflow,buffer overflow
707,rats,tensorflow,buffer overflow
707,rats,tensorflow,buffer overflow
707,rats,tensorflow,buffer overflow
707,rats,tensorflow,buffer overflow
707,rats,tensorflow,buffer overflow
707,rats,tensorflow,buffer overflow
716,rats,tensorflow,memcpy
718,rats,tensorflow,buffer overflow
718,rats,tensorflow,buffer overflow
718,rats,tensorflow,buffer overflow
718,rats,tensorflow,buffer overflow
718,rats,tensorflow,buffer overflow
719,rats,tensorflow,buffer overflow
721,rats,tensorflow,memcpy
724,rats,tensorflow,memcpy
733,rats,tensorflow,fixed size local buffer
735,rats,tensorflow,buffer overflow
735,rats,tensorflow,buffer overflow
738,rats,tensorflow,buffer overflow
738,rats,tensorflow,buffer overflow
738,rats,tensorflow,buffer overflow
738,rats,tensorflow,buffer overflow
738,rats,tensorflow,buffer overflow
738,rats,tensorflow,buffer overflow
738,rats,tensorflow,buffer overflow
738,rats,tensorflow,buffer overflow
738,rats,tensorflow,buffer overflow
738,rats,tensorflow,buffer overflow
738,rats,tensorflow,buffer overflow
738,rats,tensorflow,buffer overflow
738,rats,tensorflow,fixed size global buffer
738,rats,tensorflow,fixed size global buffer
738,rats,tensorflow,buffer overflow
738,rats,tensorflow,buffer overflow
738,rats,tensorflow,buffer overflow
738,rats,tensorflow,buffer overflow
738,rats,tensorflow,buffer overflow
738,rats,tensorflow,buffer overflow
738,rats,tensorflow,fixed size global buffer
738,rats,tensorflow,fixed size global buffer
738,rats,tensorflow,memcpy
738,rats,tensorflow,memcpy
738,rats,tensorflow,buffer overflow
738,rats,tensorflow,buffer overflow
738,rats,tensorflow,buffer overflow
738,rats,tensorflow,buffer overflow
738,rats,tensorflow,buffer overflow
738,rats,tensorflow,buffer overflow
738,rats,tensorflow,fixed size global buffer
738,rats,tensorflow,fixed size global buffer
738,rats,tensorflow,memcpy
738,rats,tensorflow,memcpy
738,rats,tensorflow,fixed size local buffer
738,rats,tensorflow,fixed size local buffer
738,rats,tensorflow,buffer overflow
738,rats,tensorflow,buffer overflow
738,rats,tensorflow,buffer overflow
738,rats,tensorflow,buffer overflow
738,rats,tensorflow,buffer overflow
738,rats,tensorflow,buffer overflow
738,rats,tensorflow,fixed size global buffer
738,rats,tensorflow,fixed size global buffer
738,rats,tensorflow,memcpy
738,rats,tensorflow,memcpy
738,rats,tensorflow,fixed size local buffer
738,rats,tensorflow,fixed size local buffer
738,rats,tensorflow,fixed size local buffer
739,rats,tensorflow,memcpy
739,rats,tensorflow,buffer overflow
739,rats,tensorflow,buffer overflow
739,rats,tensorflow,buffer overflow
739,rats,tensorflow,buffer overflow
739,rats,tensorflow,buffer overflow
739,rats,tensorflow,buffer overflow
739,rats,tensorflow,buffer overflow
742,rats,tensorflow,buffer overflow
742,rats,tensorflow,buffer overflow
742,rats,tensorflow,buffer overflow
742,rats,tensorflow,buffer overflow
742,rats,tensorflow,buffer overflow
742,rats,tensorflow,buffer overflow
744,rats,tensorflow,buffer overflow
744,rats,tensorflow,buffer overflow
744,rats,tensorflow,buffer overflow
744,rats,tensorflow,buffer overflow
744,rats,tensorflow,memcpy
750,rats,tensorflow,buffer overflow
750,rats,tensorflow,buffer overflow
750,rats,tensorflow,buffer overflow
750,rats,tensorflow,buffer overflow
750,rats,tensorflow,buffer overflow
750,rats,tensorflow,buffer overflow
750,rats,tensorflow,buffer overflow
750,rats,tensorflow,buffer overflow
750,rats,tensorflow,buffer overflow
750,rats,tensorflow,buffer overflow
750,rats,tensorflow,buffer overflow
750,rats,tensorflow,buffer overflow
750,rats,tensorflow,buffer overflow
750,rats,tensorflow,buffer overflow
750,rats,tensorflow,buffer overflow
750,rats,tensorflow,buffer overflow
750,rats,tensorflow,fixed size local buffer
750,rats,tensorflow,buffer overflow
750,rats,tensorflow,buffer overflow
750,rats,tensorflow,buffer overflow
750,rats,tensorflow,buffer overflow
750,rats,tensorflow,buffer overflow
750,rats,tensorflow,buffer overflow
750,rats,tensorflow,buffer overflow
750,rats,tensorflow,buffer overflow
750,rats,tensorflow,buffer overflow
750,rats,tensorflow,buffer overflow
750,rats,tensorflow,buffer overflow
750,rats,tensorflow,buffer overflow
750,rats,tensorflow,buffer overflow
750,rats,tensorflow,buffer overflow
750,rats,tensorflow,buffer overflow
750,rats,tensorflow,buffer overflow
750,rats,tensorflow,buffer overflow
750,rats,tensorflow,buffer overflow
750,rats,tensorflow,fixed size global buffer
755,rats,tensorflow,memcpy
755,rats,tensorflow,memcpy
766,rats,tensorflow,buffer overflow
766,rats,tensorflow,buffer overflow
770,rats,tensorflow,buffer overflow
770,rats,tensorflow,buffer overflow
770,rats,tensorflow,buffer overflow
770,rats,tensorflow,buffer overflow
770,rats,tensorflow,buffer overflow
770,rats,tensorflow,buffer overflow
770,rats,tensorflow,buffer overflow
770,rats,tensorflow,buffer overflow
770,rats,tensorflow,buffer overflow
770,rats,tensorflow,buffer overflow
770,rats,tensorflow,buffer overflow
770,rats,tensorflow,buffer overflow
770,rats,tensorflow,buffer overflow
770,rats,tensorflow,buffer overflow
770,rats,tensorflow,buffer overflow
770,rats,tensorflow,buffer overflow
770,rats,tensorflow,buffer overflow
770,rats,tensorflow,buffer overflow
770,rats,tensorflow,buffer overflow
770,rats,tensorflow,buffer overflow
770,rats,tensorflow,buffer overflow
770,rats,tensorflow,buffer overflow
770,rats,tensorflow,buffer overflow
770,rats,tensorflow,buffer overflow
770,rats,tensorflow,buffer overflow
770,rats,tensorflow,buffer overflow
770,rats,tensorflow,buffer overflow
770,rats,tensorflow,buffer overflow
770,rats,tensorflow,buffer overflow
770,rats,tensorflow,buffer overflow
770,rats,tensorflow,buffer overflow
770,rats,tensorflow,buffer overflow
770,rats,tensorflow,buffer overflow
770,rats,tensorflow,buffer overflow
771,rats,tensorflow,buffer overflow
771,rats,tensorflow,buffer overflow
771,rats,tensorflow,buffer overflow
771,rats,tensorflow,buffer overflow
771,rats,tensorflow,buffer overflow
771,rats,tensorflow,buffer overflow
771,rats,tensorflow,buffer overflow
771,rats,tensorflow,buffer overflow
771,rats,tensorflow,buffer overflow
771,rats,tensorflow,buffer overflow
771,rats,tensorflow,buffer overflow
771,rats,tensorflow,buffer overflow
771,rats,tensorflow,buffer overflow
771,rats,tensorflow,buffer overflow
771,rats,tensorflow,buffer overflow
771,rats,tensorflow,buffer overflow
771,rats,tensorflow,buffer overflow
771,rats,tensorflow,buffer overflow
771,rats,tensorflow,buffer overflow
771,rats,tensorflow,buffer overflow
771,rats,tensorflow,buffer overflow
771,rats,tensorflow,buffer overflow
771,rats,tensorflow,buffer overflow
771,rats,tensorflow,buffer overflow
771,rats,tensorflow,buffer overflow
771,rats,tensorflow,buffer overflow
771,rats,tensorflow,fixed size global buffer
773,rats,tensorflow,buffer overflow
773,rats,tensorflow,buffer overflow
773,rats,tensorflow,buffer overflow
773,rats,tensorflow,buffer overflow
773,rats,tensorflow,buffer overflow
773,rats,tensorflow,buffer overflow
773,rats,tensorflow,buffer overflow
773,rats,tensorflow,buffer overflow
773,rats,tensorflow,buffer overflow
774,rats,tensorflow,memcpy
776,rats,tensorflow,buffer overflow
776,rats,tensorflow,buffer overflow
776,rats,tensorflow,buffer overflow
776,rats,tensorflow,buffer overflow
776,rats,tensorflow,buffer overflow
776,rats,tensorflow,buffer overflow
776,rats,tensorflow,buffer overflow
776,rats,tensorflow,buffer overflow
776,rats,tensorflow,buffer overflow
776,rats,tensorflow,buffer overflow
776,rats,tensorflow,buffer overflow
776,rats,tensorflow,buffer overflow
776,rats,tensorflow,buffer overflow
776,rats,tensorflow,buffer overflow
776,rats,tensorflow,buffer overflow
776,rats,tensorflow,buffer overflow
776,rats,tensorflow,buffer overflow
776,rats,tensorflow,buffer overflow
776,rats,tensorflow,buffer overflow
776,rats,tensorflow,buffer overflow
776,rats,tensorflow,buffer overflow
776,rats,tensorflow,buffer overflow
776,rats,tensorflow,buffer overflow
776,rats,tensorflow,buffer overflow
776,rats,tensorflow,buffer overflow
776,rats,tensorflow,buffer overflow
776,rats,tensorflow,fixed size global buffer
779,rats,tensorflow,buffer overflow
783,rats,tensorflow,memcpy
783,rats,tensorflow,memcpy
786,rats,tensorflow,buffer overflow
786,rats,tensorflow,buffer overflow
790,rats,tensorflow,buffer overflow
790,rats,tensorflow,buffer overflow
790,rats,tensorflow,buffer overflow
790,rats,tensorflow,buffer overflow
790,rats,tensorflow,buffer overflow
790,rats,tensorflow,buffer overflow
790,rats,tensorflow,buffer overflow
790,rats,tensorflow,buffer overflow
790,rats,tensorflow,buffer overflow
790,rats,tensorflow,buffer overflow
790,rats,tensorflow,buffer overflow
790,rats,tensorflow,buffer overflow
790,rats,tensorflow,buffer overflow
790,rats,tensorflow,buffer overflow
790,rats,tensorflow,buffer overflow
790,rats,tensorflow,buffer overflow
790,rats,tensorflow,buffer overflow
790,rats,tensorflow,buffer overflow
790,rats,tensorflow,buffer overflow
790,rats,tensorflow,buffer overflow
790,rats,tensorflow,buffer overflow
790,rats,tensorflow,buffer overflow
790,rats,tensorflow,fixed size global buffer
792,rats,tensorflow,buffer overflow
792,rats,tensorflow,buffer overflow
792,rats,tensorflow,buffer overflow
792,rats,tensorflow,buffer overflow
794,rats,tensorflow,fixed size global buffer
794,rats,tensorflow,fixed size global buffer
795,rats,tensorflow,buffer overflow
795,rats,tensorflow,buffer overflow
795,rats,tensorflow,buffer overflow
795,rats,tensorflow,buffer overflow
795,rats,tensorflow,buffer overflow
795,rats,tensorflow,buffer overflow
795,rats,tensorflow,buffer overflow
795,rats,tensorflow,buffer overflow
795,rats,tensorflow,buffer overflow
795,rats,tensorflow,buffer overflow
795,rats,tensorflow,fixed size local buffer
799,rats,tensorflow,buffer overflow
799,rats,tensorflow,buffer overflow
799,rats,tensorflow,buffer overflow
799,rats,tensorflow,buffer overflow
799,rats,tensorflow,buffer overflow
799,rats,tensorflow,buffer overflow
802,rats,tensorflow,buffer overflow
802,rats,tensorflow,buffer overflow
802,rats,tensorflow,buffer overflow
802,rats,tensorflow,buffer overflow
804,rats,tensorflow,buffer overflow
804,rats,tensorflow,buffer overflow
804,rats,tensorflow,buffer overflow
804,rats,tensorflow,buffer overflow
804,rats,tensorflow,buffer overflow
804,rats,tensorflow,buffer overflow
805,rats,tensorflow,fixed size global buffer
805,rats,tensorflow,fixed size global buffer
805,rats,tensorflow,memcpy
805,rats,tensorflow,memcpy
807,rats,tensorflow,buffer overflow
807,rats,tensorflow,buffer overflow
807,rats,tensorflow,buffer overflow
807,rats,tensorflow,buffer overflow
807,rats,tensorflow,memcpy
807,rats,tensorflow,memcpy
807,rats,tensorflow,memcpy
807,rats,tensorflow,memcpy
807,rats,tensorflow,memcpy
810,rats,tensorflow,buffer overflow
811,rats,tensorflow,buffer overflow
815,rats,tensorflow,buffer overflow
815,rats,tensorflow,buffer overflow
815,rats,tensorflow,getenv
815,rats,tensorflow,buffer overflow
815,rats,tensorflow,getenv
815,rats,tensorflow,memcpy
815,rats,tensorflow,memcpy
815,rats,tensorflow,memcpy
816,rats,tensorflow,buffer overflow
816,rats,tensorflow,buffer overflow
816,rats,tensorflow,buffer overflow
819,rats,tensorflow,buffer overflow
819,rats,tensorflow,buffer overflow
819,rats,tensorflow,buffer overflow
819,rats,tensorflow,buffer overflow
819,rats,tensorflow,buffer overflow
819,rats,tensorflow,fixed size global buffer
819,rats,tensorflow,fixed size global buffer
819,rats,tensorflow,fixed size global buffer
819,rats,tensorflow,fixed size global buffer
819,rats,tensorflow,fixed size global buffer
819,rats,tensorflow,fixed size global buffer
819,rats,tensorflow,strlen
819,rats,tensorflow,strlen
819,rats,tensorflow,fixed size global buffer
819,rats,tensorflow,fixed size global buffer
819,rats,tensorflow,fixed size global buffer
819,rats,tensorflow,strlen
819,rats,tensorflow,strlen
819,rats,tensorflow,snprintf
819,rats,tensorflow,snprintf
819,rats,tensorflow,snprintf
819,rats,tensorflow,snprintf
819,rats,tensorflow,snprintf
819,rats,tensorflow,snprintf
819,rats,tensorflow,snprintf
820,rats,tensorflow,buffer overflow
820,rats,tensorflow,buffer overflow
821,rats,tensorflow,buffer overflow
821,rats,tensorflow,buffer overflow
821,rats,tensorflow,buffer overflow
821,rats,tensorflow,buffer overflow
821,rats,tensorflow,buffer overflow
821,rats,tensorflow,buffer overflow
821,rats,tensorflow,buffer overflow
821,rats,tensorflow,buffer overflow
825,rats,tensorflow,buffer overflow
825,rats,tensorflow,buffer overflow
825,rats,tensorflow,memcpy
825,rats,tensorflow,buffer overflow
829,rats,tensorflow,memcpy
831,rats,tensorflow,buffer overflow
832,rats,tensorflow,buffer overflow
833,rats,tensorflow,memcpy
833,rats,tensorflow,memcpy
834,rats,tensorflow,buffer overflow
834,rats,tensorflow,buffer overflow
834,rats,tensorflow,buffer overflow
834,rats,tensorflow,buffer overflow
835,rats,tensorflow,memcpy
836,rats,tensorflow,memcpy
836,rats,tensorflow,memcpy
836,rats,tensorflow,strlen
840,rats,tensorflow,buffer overflow
840,rats,tensorflow,buffer overflow
841,rats,tensorflow,buffer overflow
844,rats,tensorflow,buffer overflow
844,rats,tensorflow,buffer overflow
845,rats,tensorflow,buffer overflow
845,rats,tensorflow,buffer overflow
845,rats,tensorflow,buffer overflow
845,rats,tensorflow,buffer overflow
845,rats,tensorflow,buffer overflow
845,rats,tensorflow,buffer overflow
845,rats,tensorflow,buffer overflow
845,rats,tensorflow,buffer overflow
845,rats,tensorflow,buffer overflow
845,rats,tensorflow,buffer overflow
845,rats,tensorflow,buffer overflow
845,rats,tensorflow,buffer overflow
845,rats,tensorflow,buffer overflow
845,rats,tensorflow,buffer overflow
845,rats,tensorflow,buffer overflow
845,rats,tensorflow,buffer overflow
845,rats,tensorflow,buffer overflow
845,rats,tensorflow,buffer overflow
845,rats,tensorflow,buffer overflow
845,rats,tensorflow,buffer overflow
845,rats,tensorflow,buffer overflow
848,rats,tensorflow,buffer overflow
848,rats,tensorflow,buffer overflow
848,rats,tensorflow,buffer overflow
848,rats,tensorflow,buffer overflow
848,rats,tensorflow,buffer overflow
848,rats,tensorflow,buffer overflow
848,rats,tensorflow,buffer overflow
848,rats,tensorflow,buffer overflow
848,rats,tensorflow,buffer overflow
848,rats,tensorflow,buffer overflow
848,rats,tensorflow,buffer overflow
848,rats,tensorflow,buffer overflow
848,rats,tensorflow,buffer overflow
848,rats,tensorflow,buffer overflow
848,rats,tensorflow,buffer overflow
848,rats,tensorflow,buffer overflow
848,rats,tensorflow,buffer overflow
848,rats,tensorflow,buffer overflow
848,rats,tensorflow,buffer overflow
848,rats,tensorflow,buffer overflow
848,rats,tensorflow,buffer overflow
848,rats,tensorflow,buffer overflow
848,rats,tensorflow,buffer overflow
848,rats,tensorflow,buffer overflow
848,rats,tensorflow,buffer overflow
848,rats,tensorflow,buffer overflow
848,rats,tensorflow,buffer overflow
848,rats,tensorflow,buffer overflow
848,rats,tensorflow,buffer overflow
848,rats,tensorflow,buffer overflow
848,rats,tensorflow,buffer overflow
848,rats,tensorflow,buffer overflow
848,rats,tensorflow,buffer overflow
848,rats,tensorflow,buffer overflow
850,rats,tensorflow,buffer overflow
850,rats,tensorflow,buffer overflow
850,rats,tensorflow,buffer overflow
850,rats,tensorflow,buffer overflow
850,rats,tensorflow,buffer overflow
850,rats,tensorflow,buffer overflow
850,rats,tensorflow,buffer overflow
850,rats,tensorflow,buffer overflow
850,rats,tensorflow,buffer overflow
850,rats,tensorflow,buffer overflow
850,rats,tensorflow,buffer overflow
850,rats,tensorflow,buffer overflow
850,rats,tensorflow,buffer overflow
850,rats,tensorflow,buffer overflow
850,rats,tensorflow,buffer overflow
850,rats,tensorflow,buffer overflow
850,rats,tensorflow,buffer overflow
850,rats,tensorflow,buffer overflow
850,rats,tensorflow,buffer overflow
850,rats,tensorflow,buffer overflow
850,rats,tensorflow,buffer overflow
850,rats,tensorflow,buffer overflow
850,rats,tensorflow,buffer overflow
850,rats,tensorflow,buffer overflow
850,rats,tensorflow,buffer overflow
850,rats,tensorflow,buffer overflow
850,rats,tensorflow,fixed size global buffer
854,rats,tensorflow,buffer overflow
854,rats,tensorflow,buffer overflow
854,rats,tensorflow,buffer overflow
854,rats,tensorflow,buffer overflow
854,rats,tensorflow,buffer overflow
854,rats,tensorflow,buffer overflow
854,rats,tensorflow,buffer overflow
854,rats,tensorflow,buffer overflow
854,rats,tensorflow,buffer overflow
854,rats,tensorflow,buffer overflow
854,rats,tensorflow,buffer overflow
854,rats,tensorflow,buffer overflow
854,rats,tensorflow,fixed size global buffer
858,rats,tensorflow,buffer overflow
859,rats,tensorflow,buffer overflow
859,rats,tensorflow,buffer overflow
859,rats,tensorflow,buffer overflow
859,rats,tensorflow,buffer overflow
859,rats,tensorflow,buffer overflow
859,rats,tensorflow,buffer overflow
859,rats,tensorflow,buffer overflow
859,rats,tensorflow,buffer overflow
859,rats,tensorflow,buffer overflow
859,rats,tensorflow,buffer overflow
859,rats,tensorflow,buffer overflow
859,rats,tensorflow,buffer overflow
859,rats,tensorflow,buffer overflow
859,rats,tensorflow,buffer overflow
859,rats,tensorflow,buffer overflow
859,rats,tensorflow,buffer overflow
859,rats,tensorflow,buffer overflow
859,rats,tensorflow,buffer overflow
859,rats,tensorflow,buffer overflow
859,rats,tensorflow,buffer overflow
859,rats,tensorflow,buffer overflow
859,rats,tensorflow,buffer overflow
859,rats,tensorflow,strlen
859,rats,tensorflow,strlen
859,rats,tensorflow,strlen
859,rats,tensorflow,strlen
859,rats,tensorflow,strlen
859,rats,tensorflow,strlen
859,rats,tensorflow,strlen
859,rats,tensorflow,strlen
860,rats,tensorflow,buffer overflow
860,rats,tensorflow,buffer overflow
860,rats,tensorflow,buffer overflow
860,rats,tensorflow,buffer overflow
860,rats,tensorflow,buffer overflow
860,rats,tensorflow,buffer overflow
860,rats,tensorflow,buffer overflow
860,rats,tensorflow,buffer overflow
860,rats,tensorflow,strlen
860,rats,tensorflow,strlen
862,rats,tensorflow,buffer overflow
862,rats,tensorflow,buffer overflow
862,rats,tensorflow,buffer overflow
862,rats,tensorflow,buffer overflow
862,rats,tensorflow,buffer overflow
862,rats,tensorflow,buffer overflow
862,rats,tensorflow,buffer overflow
862,rats,tensorflow,buffer overflow
862,rats,tensorflow,buffer overflow
862,rats,tensorflow,buffer overflow
862,rats,tensorflow,buffer overflow
862,rats,tensorflow,buffer overflow
862,rats,tensorflow,buffer overflow
862,rats,tensorflow,buffer overflow
862,rats,tensorflow,buffer overflow
862,rats,tensorflow,buffer overflow
862,rats,tensorflow,buffer overflow
862,rats,tensorflow,buffer overflow
862,rats,tensorflow,buffer overflow
862,rats,tensorflow,buffer overflow
862,rats,tensorflow,buffer overflow
862,rats,tensorflow,buffer overflow
862,rats,tensorflow,buffer overflow
862,rats,tensorflow,buffer overflow
862,rats,tensorflow,strlen
862,rats,tensorflow,strlen
862,rats,tensorflow,strlen
862,rats,tensorflow,strlen
862,rats,tensorflow,strlen
862,rats,tensorflow,strlen
862,rats,tensorflow,strlen
865,rats,tensorflow,buffer overflow
865,rats,tensorflow,buffer overflow
865,rats,tensorflow,buffer overflow
865,rats,tensorflow,buffer overflow
865,rats,tensorflow,buffer overflow
865,rats,tensorflow,buffer overflow
865,rats,tensorflow,buffer overflow
865,rats,tensorflow,buffer overflow
865,rats,tensorflow,buffer overflow
865,rats,tensorflow,buffer overflow
865,rats,tensorflow,buffer overflow
865,rats,tensorflow,buffer overflow
865,rats,tensorflow,buffer overflow
865,rats,tensorflow,buffer overflow
865,rats,tensorflow,buffer overflow
865,rats,tensorflow,buffer overflow
865,rats,tensorflow,buffer overflow
865,rats,tensorflow,buffer overflow
865,rats,tensorflow,buffer overflow
865,rats,tensorflow,buffer overflow
865,rats,tensorflow,buffer overflow
865,rats,tensorflow,buffer overflow
865,rats,tensorflow,strlen
865,rats,tensorflow,strlen
865,rats,tensorflow,strlen
865,rats,tensorflow,strlen
865,rats,tensorflow,strlen
865,rats,tensorflow,strlen
865,rats,tensorflow,strlen
866,rats,tensorflow,buffer overflow
868,rats,tensorflow,fixed size global buffer
868,rats,tensorflow,fixed size global buffer
868,rats,tensorflow,snprintf
868,rats,tensorflow,snprintf
868,rats,tensorflow,buffer overflow
868,rats,tensorflow,buffer overflow
872,rats,tensorflow,memcpy
872,rats,tensorflow,memcpy
872,rats,tensorflow,memcpy
873,rats,tensorflow,buffer overflow
873,rats,tensorflow,buffer overflow
877,rats,tensorflow,buffer overflow
878,rats,tensorflow,buffer overflow
878,rats,tensorflow,buffer overflow
878,rats,tensorflow,buffer overflow
878,rats,tensorflow,buffer overflow
878,rats,tensorflow,buffer overflow
878,rats,tensorflow,buffer overflow
879,rats,tensorflow,buffer overflow
879,rats,tensorflow,buffer overflow
880,rats,tensorflow,buffer overflow
881,rats,tensorflow,buffer overflow
881,rats,tensorflow,buffer overflow
882,rats,tensorflow,buffer overflow
882,rats,tensorflow,buffer overflow
882,rats,tensorflow,fixed size local buffer
885,rats,tensorflow,fixed size global buffer
885,rats,tensorflow,fixed size global buffer
885,rats,tensorflow,fixed size global buffer
885,rats,tensorflow,fixed size global buffer
885,rats,tensorflow,fixed size global buffer
885,rats,tensorflow,fixed size global buffer
885,rats,tensorflow,strlen
885,rats,tensorflow,strlen
885,rats,tensorflow,fixed size global buffer
885,rats,tensorflow,fixed size global buffer
885,rats,tensorflow,fixed size global buffer
885,rats,tensorflow,strlen
885,rats,tensorflow,strlen
885,rats,tensorflow,snprintf
885,rats,tensorflow,snprintf
885,rats,tensorflow,snprintf
885,rats,tensorflow,snprintf
885,rats,tensorflow,snprintf
885,rats,tensorflow,snprintf
885,rats,tensorflow,snprintf
889,rats,tensorflow,fixed size global buffer
895,rats,tensorflow,strlen
897,rats,tensorflow,memcpy
906,cppcheck,mlpack,CWE-672
906,cppcheck,mlpack,CWE-672
906,cppcheck,mlpack,CWE-672
906,cppcheck,mlpack,CWE-672
906,cppcheck,mlpack,CWE-672
906,cppcheck,mlpack,CWE-672
906,cppcheck,mlpack,CWE-672
906,cppcheck,mlpack,CWE-672
906,cppcheck,mlpack,CWE-672
932,cppcheck,mlpack,CWE-398
932,cppcheck,mlpack,CWE-398
932,cppcheck,mlpack,CWE-398
932,cppcheck,mlpack,CWE-398
932,cppcheck,mlpack,CWE-398
932,cppcheck,mlpack,CWE-398
932,cppcheck,mlpack,CWE-398
932,cppcheck,mlpack,CWE-398
954,cppcheck,mlpack,CWE-664
957,cppcheck,mlpack,CWE-398
957,cppcheck,mlpack,CWE-398
957,cppcheck,mlpack,CWE-398
957,cppcheck,mlpack,CWE-398
957,cppcheck,mlpack,CWE-457
957,cppcheck,mlpack,CWE-457
959,cppcheck,mlpack,CWE-758
982,cppcheck,mxnet,CWE-476
982,cppcheck,mxnet,CWE-476
982,cppcheck,mxnet,CWE-476
982,cppcheck,mxnet,CWE-476
982,cppcheck,mxnet,CWE-476
982,cppcheck,mxnet,CWE-476
982,cppcheck,mxnet,CWE-476
982,cppcheck,mxnet,CWE-476
982,cppcheck,mxnet,CWE-476
982,cppcheck,mxnet,CWE-476
982,cppcheck,mxnet,CWE-476
982,cppcheck,mxnet,CWE-476
982,cppcheck,mxnet,CWE-476
982,cppcheck,mxnet,CWE-476
982,cppcheck,mxnet,CWE-476
982,cppcheck,mxnet,CWE-476
982,cppcheck,mxnet,CWE-476
982,cppcheck,mxnet,CWE-476
982,cppcheck,mxnet,CWE-476
982,cppcheck,mxnet,CWE-476
982,cppcheck,mxnet,CWE-476
982,cppcheck,mxnet,CWE-476
982,cppcheck,mxnet,CWE-476
982,cppcheck,mxnet,CWE-476
982,cppcheck,mxnet,CWE-476
982,cppcheck,mxnet,CWE-476
982,cppcheck,mxnet,CWE-476
982,cppcheck,mxnet,CWE-476
982,cppcheck,mxnet,CWE-476
982,cppcheck,mxnet,CWE-476
982,cppcheck,mxnet,CWE-476
982,cppcheck,mxnet,CWE-476
982,cppcheck,mxnet,CWE-476
982,cppcheck,mxnet,CWE-476
982,cppcheck,mxnet,CWE-476
982,cppcheck,mxnet,CWE-476
982,cppcheck,mxnet,CWE-476
982,cppcheck,mxnet,CWE-476
982,cppcheck,mxnet,CWE-476
982,cppcheck,mxnet,CWE-476
982,cppcheck,mxnet,CWE-476
982,cppcheck,mxnet,CWE-476
982,cppcheck,mxnet,CWE-476
983,cppcheck,mxnet,CWE-476
983,cppcheck,mxnet,CWE-476
983,cppcheck,mxnet,CWE-476
983,cppcheck,mxnet,CWE-476
983,cppcheck,mxnet,CWE-476
983,cppcheck,mxnet,CWE-476
983,cppcheck,mxnet,CWE-476
983,cppcheck,mxnet,CWE-476
983,cppcheck,mxnet,CWE-476
983,cppcheck,mxnet,CWE-476
983,cppcheck,mxnet,CWE-476
983,cppcheck,mxnet,CWE-476
983,cppcheck,mxnet,CWE-476
983,cppcheck,mxnet,CWE-476
983,cppcheck,mxnet,CWE-476
983,cppcheck,mxnet,CWE-476
983,cppcheck,mxnet,CWE-476
983,cppcheck,mxnet,CWE-476
983,cppcheck,mxnet,CWE-476
983,cppcheck,mxnet,CWE-476
983,cppcheck,mxnet,CWE-476
983,cppcheck,mxnet,CWE-476
983,cppcheck,mxnet,CWE-476
983,cppcheck,mxnet,CWE-476
983,cppcheck,mxnet,CWE-476
983,cppcheck,mxnet,CWE-476
983,cppcheck,mxnet,CWE-476
983,cppcheck,mxnet,CWE-476
983,cppcheck,mxnet,CWE-476
983,cppcheck,mxnet,CWE-476
983,cppcheck,mxnet,CWE-476
983,cppcheck,mxnet,CWE-476
983,cppcheck,mxnet,CWE-476
983,cppcheck,mxnet,CWE-476
983,cppcheck,mxnet,CWE-476
983,cppcheck,mxnet,CWE-476
983,cppcheck,mxnet,CWE-476
983,cppcheck,mxnet,CWE-476
983,cppcheck,mxnet,CWE-476
983,cppcheck,mxnet,CWE-476
983,cppcheck,mxnet,CWE-476
983,cppcheck,mxnet,CWE-476
983,cppcheck,mxnet,CWE-476
986,cppcheck,mxnet,CWE-398
986,cppcheck,mxnet,CWE-398
986,cppcheck,mxnet,CWE-398
986,cppcheck,mxnet,CWE-398
986,cppcheck,mxnet,CWE-398
986,cppcheck,mxnet,CWE-398
986,cppcheck,mxnet,CWE-398
986,cppcheck,mxnet,CWE-398
986,cppcheck,mxnet,CWE-398
986,cppcheck,mxnet,CWE-398
986,cppcheck,mxnet,CWE-398
986,cppcheck,mxnet,CWE-398
986,cppcheck,mxnet,CWE-398
986,cppcheck,mxnet,CWE-398
986,cppcheck,mxnet,CWE-398
986,cppcheck,mxnet,CWE-398
987,cppcheck,mxnet,CWE-476
987,cppcheck,mxnet,CWE-476
987,cppcheck,mxnet,CWE-476
987,cppcheck,mxnet,CWE-476
987,cppcheck,mxnet,CWE-476
987,cppcheck,mxnet,CWE-476
987,cppcheck,mxnet,CWE-476
987,cppcheck,mxnet,CWE-476
987,cppcheck,mxnet,CWE-476
990,cppcheck,mxnet,CWE-398
990,cppcheck,mxnet,CWE-398
990,cppcheck,mxnet,CWE-398
990,cppcheck,mxnet,CWE-398
990,cppcheck,mxnet,CWE-398
990,cppcheck,mxnet,CWE-398
990,cppcheck,mxnet,CWE-398
990,cppcheck,mxnet,CWE-398
990,cppcheck,mxnet,CWE-398
990,cppcheck,mxnet,CWE-398
990,cppcheck,mxnet,CWE-398
990,cppcheck,mxnet,CWE-398
990,cppcheck,mxnet,CWE-398
990,cppcheck,mxnet,CWE-398
990,cppcheck,mxnet,CWE-398
990,cppcheck,mxnet,CWE-398
992,cppcheck,mxnet,CWE-398
998,cppcheck,mxnet,CWE-398
1004,cppcheck,mxnet,CWE-476
1004,cppcheck,mxnet,CWE-476
1004,cppcheck,mxnet,CWE-476
1004,cppcheck,mxnet,CWE-476
1004,cppcheck,mxnet,CWE-476
1053,cppcheck,pytorch,CWE-667
1066,cppcheck,pytorch,CWE-758
1088,cppcheck,pytorch,CWE-825
1088,cppcheck,pytorch,CWE-825
1102,cppcheck,tensorflow,CWE-398
1102,cppcheck,tensorflow,CWE-398
1102,cppcheck,tensorflow,CWE-398
1118,cppcheck,tensorflow,CWE-398
1118,cppcheck,tensorflow,CWE-398
1121,cppcheck,tensorflow,CWE-398
1127,cppcheck,tensorflow,CWE-758
1127,cppcheck,tensorflow,CWE-562
1127,cppcheck,tensorflow,CWE-562
1127,cppcheck,tensorflow,CWE-562
1127,cppcheck,tensorflow,CWE-562
1127,cppcheck,tensorflow,CWE-562
1127,cppcheck,tensorflow,CWE-562
1127,cppcheck,tensorflow,CWE-562
1127,cppcheck,tensorflow,CWE-562
1127,cppcheck,tensorflow,CWE-562
1127,cppcheck,tensorflow,CWE-562
1127,cppcheck,tensorflow,CWE-562
1127,cppcheck,tensorflow,CWE-758
1134,cppcheck,tensorflow,CWE-476
1134,cppcheck,tensorflow,CWE-476
1134,cppcheck,tensorflow,CWE-476
1134,cppcheck,tensorflow,CWE-476
1134,cppcheck,tensorflow,CWE-476
1134,cppcheck,tensorflow,CWE-476
1134,cppcheck,tensorflow,CWE-476
1134,cppcheck,tensorflow,CWE-476
1134,cppcheck,tensorflow,CWE-476
1134,cppcheck,tensorflow,CWE-476
1134,cppcheck,tensorflow,CWE-476
1134,cppcheck,tensorflow,CWE-476
1134,cppcheck,tensorflow,CWE-476
1134,cppcheck,tensorflow,CWE-476
1134,cppcheck,tensorflow,CWE-476
1134,cppcheck,tensorflow,CWE-476
1134,cppcheck,tensorflow,CWE-476
1134,cppcheck,tensorflow,CWE-476
1146,cppcheck,tensorflow,CWE-664
1156,cppcheck,tensorflow,CWE-398
1156,cppcheck,tensorflow,CWE-398
1156,cppcheck,tensorflow,CWE-398
1156,cppcheck,tensorflow,CWE-398
1167,cppcheck,tensorflow,CWE-398
1175,cppcheck,tensorflow,CWE-664
1181,cppcheck,tensorflow,CWE-398
1181,cppcheck,tensorflow,CWE-398
1181,cppcheck,tensorflow,CWE-398
1181,cppcheck,tensorflow,CWE-398
1191,cppcheck,tensorflow,CWE-398
1191,cppcheck,tensorflow,CWE-398
1193,cppcheck,tensorflow,CWE-476
1193,cppcheck,tensorflow,CWE-476
1193,cppcheck,tensorflow,CWE-476
1205,cppcheck,tensorflow,CWE-398
1220,cppcheck,tensorflow,CWE-758
1220,cppcheck,tensorflow,CWE-758
1220,cppcheck,tensorflow,CWE-758
1220,cppcheck,tensorflow,CWE-758
1220,cppcheck,tensorflow,CWE-758
1220,cppcheck,tensorflow,CWE-758
1220,cppcheck,tensorflow,CWE-758
1220,cppcheck,tensorflow,CWE-758
1220,cppcheck,tensorflow,CWE-758
1220,cppcheck,tensorflow,CWE-758
1220,cppcheck,tensorflow,CWE-758
1220,cppcheck,tensorflow,CWE-758
1220,cppcheck,tensorflow,CWE-758
1220,cppcheck,tensorflow,CWE-758
1220,cppcheck,tensorflow,CWE-398
1220,cppcheck,tensorflow,CWE-758
1220,cppcheck,tensorflow,CWE-758
1220,cppcheck,tensorflow,CWE-758
1220,cppcheck,tensorflow,CWE-758
1220,cppcheck,tensorflow,CWE-398
1220,cppcheck,tensorflow,CWE-758
1220,cppcheck,tensorflow,CWE-758
1220,cppcheck,tensorflow,CWE-758
1220,cppcheck,tensorflow,CWE-758
1220,cppcheck,tensorflow,CWE-398
1220,cppcheck,tensorflow,CWE-758
1220,cppcheck,tensorflow,CWE-758
1220,cppcheck,tensorflow,CWE-758
1220,cppcheck,tensorflow,CWE-758
1220,cppcheck,tensorflow,CWE-398
1220,cppcheck,tensorflow,CWE-758
1220,cppcheck,tensorflow,CWE-758
1220,cppcheck,tensorflow,CWE-758
1220,cppcheck,tensorflow,CWE-758
1220,cppcheck,tensorflow,CWE-398
1225,cppcheck,tensorflow,CWE-758
1225,cppcheck,tensorflow,CWE-758
1225,cppcheck,tensorflow,CWE-758
1225,cppcheck,tensorflow,CWE-758
1225,cppcheck,tensorflow,CWE-758
1225,cppcheck,tensorflow,CWE-758
1225,cppcheck,tensorflow,CWE-758
1225,cppcheck,tensorflow,CWE-758
1225,cppcheck,tensorflow,CWE-758
1225,cppcheck,tensorflow,CWE-758
1225,cppcheck,tensorflow,CWE-758
1225,cppcheck,tensorflow,CWE-758
1225,cppcheck,tensorflow,CWE-758
1225,cppcheck,tensorflow,CWE-758
1225,cppcheck,tensorflow,CWE-398
1225,cppcheck,tensorflow,CWE-758
1225,cppcheck,tensorflow,CWE-758
1225,cppcheck,tensorflow,CWE-758
1225,cppcheck,tensorflow,CWE-758
1225,cppcheck,tensorflow,CWE-398
1225,cppcheck,tensorflow,CWE-758
1225,cppcheck,tensorflow,CWE-758
1225,cppcheck,tensorflow,CWE-758
1225,cppcheck,tensorflow,CWE-758
1225,cppcheck,tensorflow,CWE-398
1225,cppcheck,tensorflow,CWE-758
1225,cppcheck,tensorflow,CWE-758
1225,cppcheck,tensorflow,CWE-758
1225,cppcheck,tensorflow,CWE-758
1225,cppcheck,tensorflow,CWE-398
1225,cppcheck,tensorflow,CWE-758
1225,cppcheck,tensorflow,CWE-758
1225,cppcheck,tensorflow,CWE-758
1225,cppcheck,tensorflow,CWE-758
1225,cppcheck,tensorflow,CWE-398
1239,cppcheck,tensorflow,CWE-758
1239,cppcheck,tensorflow,CWE-758
1239,cppcheck,tensorflow,CWE-758
1239,cppcheck,tensorflow,CWE-758
1239,cppcheck,tensorflow,CWE-758
1239,cppcheck,tensorflow,CWE-758
1239,cppcheck,tensorflow,CWE-758
1239,cppcheck,tensorflow,CWE-758
1239,cppcheck,tensorflow,CWE-758
1239,cppcheck,tensorflow,CWE-398
1239,cppcheck,tensorflow,CWE-758
1239,cppcheck,tensorflow,CWE-758
1239,cppcheck,tensorflow,CWE-758
1239,cppcheck,tensorflow,CWE-398
1239,cppcheck,tensorflow,CWE-758
1239,cppcheck,tensorflow,CWE-758
1239,cppcheck,tensorflow,CWE-758
1239,cppcheck,tensorflow,CWE-398
1239,cppcheck,tensorflow,CWE-758
1239,cppcheck,tensorflow,CWE-758
1239,cppcheck,tensorflow,CWE-758
1239,cppcheck,tensorflow,CWE-398
1248,cppcheck,tensorflow,CWE-457
1248,cppcheck,tensorflow,CWE-457
1248,cppcheck,tensorflow,CWE-457
1253,cppcheck,tensorflow,CWE-457
1253,cppcheck,tensorflow,CWE-457
1253,cppcheck,tensorflow,CWE-457
1271,cppcheck,tensorflow,CWE-476
1271,cppcheck,tensorflow,CWE-476
1297,cppcheck,tensorflow,CWE-758
1299,cppcheck,tensorflow,CWE-398
1309,cppcheck,tensorflow,CWE-398
1317,cppcheck,tensorflow,CWE-398
1317,cppcheck,tensorflow,CWE-398
