8,cppcheck,mlpack,CWE-672
8,cppcheck,mlpack,CWE-672
8,cppcheck,mlpack,CWE-672
8,cppcheck,mlpack,CWE-672
8,cppcheck,mlpack,CWE-672
8,cppcheck,mlpack,CWE-672
8,cppcheck,mlpack,CWE-672
8,cppcheck,mlpack,CWE-672
8,cppcheck,mlpack,CWE-672
34,cppcheck,mlpack,CWE-398
34,cppcheck,mlpack,CWE-398
34,cppcheck,mlpack,CWE-398
34,cppcheck,mlpack,CWE-398
34,cppcheck,mlpack,CWE-398
34,cppcheck,mlpack,CWE-398
34,cppcheck,mlpack,CWE-398
34,cppcheck,mlpack,CWE-398
56,cppcheck,mlpack,CWE-664
59,cppcheck,mlpack,CWE-398
59,cppcheck,mlpack,CWE-398
59,cppcheck,mlpack,CWE-398
59,cppcheck,mlpack,CWE-398
59,cppcheck,mlpack,CWE-457
59,cppcheck,mlpack,CWE-457
61,cppcheck,mlpack,CWE-758
84,cppcheck,mxnet,CWE-476
84,cppcheck,mxnet,CWE-476
84,cppcheck,mxnet,CWE-476
84,cppcheck,mxnet,CWE-476
84,cppcheck,mxnet,CWE-476
84,cppcheck,mxnet,CWE-476
84,cppcheck,mxnet,CWE-476
84,cppcheck,mxnet,CWE-476
84,cppcheck,mxnet,CWE-476
84,cppcheck,mxnet,CWE-476
84,cppcheck,mxnet,CWE-476
84,cppcheck,mxnet,CWE-476
84,cppcheck,mxnet,CWE-476
84,cppcheck,mxnet,CWE-476
84,cppcheck,mxnet,CWE-476
84,cppcheck,mxnet,CWE-476
84,cppcheck,mxnet,CWE-476
84,cppcheck,mxnet,CWE-476
84,cppcheck,mxnet,CWE-476
84,cppcheck,mxnet,CWE-476
84,cppcheck,mxnet,CWE-476
84,cppcheck,mxnet,CWE-476
84,cppcheck,mxnet,CWE-476
84,cppcheck,mxnet,CWE-476
84,cppcheck,mxnet,CWE-476
84,cppcheck,mxnet,CWE-476
84,cppcheck,mxnet,CWE-476
84,cppcheck,mxnet,CWE-476
84,cppcheck,mxnet,CWE-476
84,cppcheck,mxnet,CWE-476
84,cppcheck,mxnet,CWE-476
84,cppcheck,mxnet,CWE-476
84,cppcheck,mxnet,CWE-476
84,cppcheck,mxnet,CWE-476
84,cppcheck,mxnet,CWE-476
84,cppcheck,mxnet,CWE-476
84,cppcheck,mxnet,CWE-476
84,cppcheck,mxnet,CWE-476
84,cppcheck,mxnet,CWE-476
84,cppcheck,mxnet,CWE-476
84,cppcheck,mxnet,CWE-476
84,cppcheck,mxnet,CWE-476
84,cppcheck,mxnet,CWE-476
85,cppcheck,mxnet,CWE-476
85,cppcheck,mxnet,CWE-476
85,cppcheck,mxnet,CWE-476
85,cppcheck,mxnet,CWE-476
85,cppcheck,mxnet,CWE-476
85,cppcheck,mxnet,CWE-476
85,cppcheck,mxnet,CWE-476
85,cppcheck,mxnet,CWE-476
85,cppcheck,mxnet,CWE-476
85,cppcheck,mxnet,CWE-476
85,cppcheck,mxnet,CWE-476
85,cppcheck,mxnet,CWE-476
85,cppcheck,mxnet,CWE-476
85,cppcheck,mxnet,CWE-476
85,cppcheck,mxnet,CWE-476
85,cppcheck,mxnet,CWE-476
85,cppcheck,mxnet,CWE-476
85,cppcheck,mxnet,CWE-476
85,cppcheck,mxnet,CWE-476
85,cppcheck,mxnet,CWE-476
85,cppcheck,mxnet,CWE-476
85,cppcheck,mxnet,CWE-476
85,cppcheck,mxnet,CWE-476
85,cppcheck,mxnet,CWE-476
85,cppcheck,mxnet,CWE-476
85,cppcheck,mxnet,CWE-476
85,cppcheck,mxnet,CWE-476
85,cppcheck,mxnet,CWE-476
85,cppcheck,mxnet,CWE-476
85,cppcheck,mxnet,CWE-476
85,cppcheck,mxnet,CWE-476
85,cppcheck,mxnet,CWE-476
85,cppcheck,mxnet,CWE-476
85,cppcheck,mxnet,CWE-476
85,cppcheck,mxnet,CWE-476
85,cppcheck,mxnet,CWE-476
85,cppcheck,mxnet,CWE-476
85,cppcheck,mxnet,CWE-476
85,cppcheck,mxnet,CWE-476
85,cppcheck,mxnet,CWE-476
85,cppcheck,mxnet,CWE-476
85,cppcheck,mxnet,CWE-476
85,cppcheck,mxnet,CWE-476
88,cppcheck,mxnet,CWE-398
88,cppcheck,mxnet,CWE-398
88,cppcheck,mxnet,CWE-398
88,cppcheck,mxnet,CWE-398
88,cppcheck,mxnet,CWE-398
88,cppcheck,mxnet,CWE-398
88,cppcheck,mxnet,CWE-398
88,cppcheck,mxnet,CWE-398
88,cppcheck,mxnet,CWE-398
88,cppcheck,mxnet,CWE-398
88,cppcheck,mxnet,CWE-398
88,cppcheck,mxnet,CWE-398
88,cppcheck,mxnet,CWE-398
88,cppcheck,mxnet,CWE-398
88,cppcheck,mxnet,CWE-398
88,cppcheck,mxnet,CWE-398
89,cppcheck,mxnet,CWE-476
89,cppcheck,mxnet,CWE-476
89,cppcheck,mxnet,CWE-476
89,cppcheck,mxnet,CWE-476
89,cppcheck,mxnet,CWE-476
89,cppcheck,mxnet,CWE-476
89,cppcheck,mxnet,CWE-476
89,cppcheck,mxnet,CWE-476
89,cppcheck,mxnet,CWE-476
92,cppcheck,mxnet,CWE-398
92,cppcheck,mxnet,CWE-398
92,cppcheck,mxnet,CWE-398
92,cppcheck,mxnet,CWE-398
92,cppcheck,mxnet,CWE-398
92,cppcheck,mxnet,CWE-398
92,cppcheck,mxnet,CWE-398
92,cppcheck,mxnet,CWE-398
92,cppcheck,mxnet,CWE-398
92,cppcheck,mxnet,CWE-398
92,cppcheck,mxnet,CWE-398
92,cppcheck,mxnet,CWE-398
92,cppcheck,mxnet,CWE-398
92,cppcheck,mxnet,CWE-398
92,cppcheck,mxnet,CWE-398
92,cppcheck,mxnet,CWE-398
94,cppcheck,mxnet,CWE-398
100,cppcheck,mxnet,CWE-398
106,cppcheck,mxnet,CWE-476
106,cppcheck,mxnet,CWE-476
106,cppcheck,mxnet,CWE-476
106,cppcheck,mxnet,CWE-476
106,cppcheck,mxnet,CWE-476
155,cppcheck,pytorch,CWE-667
168,cppcheck,pytorch,CWE-758
190,cppcheck,pytorch,CWE-825
190,cppcheck,pytorch,CWE-825
204,cppcheck,tensorflow,CWE-398
204,cppcheck,tensorflow,CWE-398
204,cppcheck,tensorflow,CWE-398
220,cppcheck,tensorflow,CWE-398
220,cppcheck,tensorflow,CWE-398
223,cppcheck,tensorflow,CWE-398
229,cppcheck,tensorflow,CWE-758
229,cppcheck,tensorflow,CWE-562
229,cppcheck,tensorflow,CWE-562
229,cppcheck,tensorflow,CWE-562
229,cppcheck,tensorflow,CWE-562
229,cppcheck,tensorflow,CWE-562
229,cppcheck,tensorflow,CWE-562
229,cppcheck,tensorflow,CWE-562
229,cppcheck,tensorflow,CWE-562
229,cppcheck,tensorflow,CWE-562
229,cppcheck,tensorflow,CWE-562
229,cppcheck,tensorflow,CWE-562
229,cppcheck,tensorflow,CWE-758
236,cppcheck,tensorflow,CWE-476
236,cppcheck,tensorflow,CWE-476
236,cppcheck,tensorflow,CWE-476
236,cppcheck,tensorflow,CWE-476
236,cppcheck,tensorflow,CWE-476
236,cppcheck,tensorflow,CWE-476
236,cppcheck,tensorflow,CWE-476
236,cppcheck,tensorflow,CWE-476
236,cppcheck,tensorflow,CWE-476
236,cppcheck,tensorflow,CWE-476
236,cppcheck,tensorflow,CWE-476
236,cppcheck,tensorflow,CWE-476
236,cppcheck,tensorflow,CWE-476
236,cppcheck,tensorflow,CWE-476
236,cppcheck,tensorflow,CWE-476
236,cppcheck,tensorflow,CWE-476
236,cppcheck,tensorflow,CWE-476
236,cppcheck,tensorflow,CWE-476
248,cppcheck,tensorflow,CWE-664
258,cppcheck,tensorflow,CWE-398
258,cppcheck,tensorflow,CWE-398
258,cppcheck,tensorflow,CWE-398
258,cppcheck,tensorflow,CWE-398
269,cppcheck,tensorflow,CWE-398
277,cppcheck,tensorflow,CWE-664
283,cppcheck,tensorflow,CWE-398
283,cppcheck,tensorflow,CWE-398
283,cppcheck,tensorflow,CWE-398
283,cppcheck,tensorflow,CWE-398
293,cppcheck,tensorflow,CWE-398
293,cppcheck,tensorflow,CWE-398
295,cppcheck,tensorflow,CWE-476
295,cppcheck,tensorflow,CWE-476
295,cppcheck,tensorflow,CWE-476
307,cppcheck,tensorflow,CWE-398
322,cppcheck,tensorflow,CWE-758
322,cppcheck,tensorflow,CWE-758
322,cppcheck,tensorflow,CWE-758
322,cppcheck,tensorflow,CWE-758
322,cppcheck,tensorflow,CWE-758
322,cppcheck,tensorflow,CWE-758
322,cppcheck,tensorflow,CWE-758
322,cppcheck,tensorflow,CWE-758
322,cppcheck,tensorflow,CWE-758
322,cppcheck,tensorflow,CWE-758
322,cppcheck,tensorflow,CWE-758
322,cppcheck,tensorflow,CWE-758
322,cppcheck,tensorflow,CWE-758
322,cppcheck,tensorflow,CWE-758
322,cppcheck,tensorflow,CWE-398
322,cppcheck,tensorflow,CWE-758
322,cppcheck,tensorflow,CWE-758
322,cppcheck,tensorflow,CWE-758
322,cppcheck,tensorflow,CWE-758
322,cppcheck,tensorflow,CWE-398
322,cppcheck,tensorflow,CWE-758
322,cppcheck,tensorflow,CWE-758
322,cppcheck,tensorflow,CWE-758
322,cppcheck,tensorflow,CWE-758
322,cppcheck,tensorflow,CWE-398
322,cppcheck,tensorflow,CWE-758
322,cppcheck,tensorflow,CWE-758
322,cppcheck,tensorflow,CWE-758
322,cppcheck,tensorflow,CWE-758
322,cppcheck,tensorflow,CWE-398
322,cppcheck,tensorflow,CWE-758
322,cppcheck,tensorflow,CWE-758
322,cppcheck,tensorflow,CWE-758
322,cppcheck,tensorflow,CWE-758
322,cppcheck,tensorflow,CWE-398
327,cppcheck,tensorflow,CWE-758
327,cppcheck,tensorflow,CWE-758
327,cppcheck,tensorflow,CWE-758
327,cppcheck,tensorflow,CWE-758
327,cppcheck,tensorflow,CWE-758
327,cppcheck,tensorflow,CWE-758
327,cppcheck,tensorflow,CWE-758
327,cppcheck,tensorflow,CWE-758
327,cppcheck,tensorflow,CWE-758
327,cppcheck,tensorflow,CWE-758
327,cppcheck,tensorflow,CWE-758
327,cppcheck,tensorflow,CWE-758
327,cppcheck,tensorflow,CWE-758
327,cppcheck,tensorflow,CWE-758
327,cppcheck,tensorflow,CWE-398
327,cppcheck,tensorflow,CWE-758
327,cppcheck,tensorflow,CWE-758
327,cppcheck,tensorflow,CWE-758
327,cppcheck,tensorflow,CWE-758
327,cppcheck,tensorflow,CWE-398
327,cppcheck,tensorflow,CWE-758
327,cppcheck,tensorflow,CWE-758
327,cppcheck,tensorflow,CWE-758
327,cppcheck,tensorflow,CWE-758
327,cppcheck,tensorflow,CWE-398
327,cppcheck,tensorflow,CWE-758
327,cppcheck,tensorflow,CWE-758
327,cppcheck,tensorflow,CWE-758
327,cppcheck,tensorflow,CWE-758
327,cppcheck,tensorflow,CWE-398
327,cppcheck,tensorflow,CWE-758
327,cppcheck,tensorflow,CWE-758
327,cppcheck,tensorflow,CWE-758
327,cppcheck,tensorflow,CWE-758
327,cppcheck,tensorflow,CWE-398
341,cppcheck,tensorflow,CWE-758
341,cppcheck,tensorflow,CWE-758
341,cppcheck,tensorflow,CWE-758
341,cppcheck,tensorflow,CWE-758
341,cppcheck,tensorflow,CWE-758
341,cppcheck,tensorflow,CWE-758
341,cppcheck,tensorflow,CWE-758
341,cppcheck,tensorflow,CWE-758
341,cppcheck,tensorflow,CWE-758
341,cppcheck,tensorflow,CWE-398
341,cppcheck,tensorflow,CWE-758
341,cppcheck,tensorflow,CWE-758
341,cppcheck,tensorflow,CWE-758
341,cppcheck,tensorflow,CWE-398
341,cppcheck,tensorflow,CWE-758
341,cppcheck,tensorflow,CWE-758
341,cppcheck,tensorflow,CWE-758
341,cppcheck,tensorflow,CWE-398
341,cppcheck,tensorflow,CWE-758
341,cppcheck,tensorflow,CWE-758
341,cppcheck,tensorflow,CWE-758
341,cppcheck,tensorflow,CWE-398
350,cppcheck,tensorflow,CWE-457
350,cppcheck,tensorflow,CWE-457
350,cppcheck,tensorflow,CWE-457
355,cppcheck,tensorflow,CWE-457
355,cppcheck,tensorflow,CWE-457
355,cppcheck,tensorflow,CWE-457
373,cppcheck,tensorflow,CWE-476
373,cppcheck,tensorflow,CWE-476
399,cppcheck,tensorflow,CWE-758
401,cppcheck,tensorflow,CWE-398
411,cppcheck,tensorflow,CWE-398
419,cppcheck,tensorflow,CWE-398
419,cppcheck,tensorflow,CWE-398
5,rats,mlpack,fixed size global buffer
5,rats,mlpack,fixed size global buffer
55,rats,mlpack,vfprintf
55,rats,mlpack,vfprintf
55,rats,mlpack,vfprintf
55,rats,mlpack,vfprintf
55,rats,mlpack,vfprintf
55,rats,mlpack,vfprintf
55,rats,mlpack,printf
55,rats,mlpack,vfprintf
55,rats,mlpack,vfprintf
55,rats,mlpack,vfprintf
55,rats,mlpack,printf
55,rats,mlpack,fgets
55,rats,mlpack,vfprintf
55,rats,mlpack,vfprintf
55,rats,mlpack,vfprintf
55,rats,mlpack,printf
55,rats,mlpack,fgets
55,rats,mlpack,strlen
55,rats,mlpack,strlen
55,rats,mlpack,vfprintf
55,rats,mlpack,vfprintf
55,rats,mlpack,vfprintf
55,rats,mlpack,printf
55,rats,mlpack,fgets
55,rats,mlpack,strlen
55,rats,mlpack,strlen
55,rats,mlpack,fixed size local buffer
55,rats,mlpack,fixed size local buffer
60,rats,mlpack,srand48
60,rats,mlpack,srand48
60,rats,mlpack,srand48
60,rats,mlpack,srand48
60,rats,mlpack,srand48
60,rats,mlpack,srand48
60,rats,mlpack,drand48
60,rats,mlpack,drand48
60,rats,mlpack,drand48
60,rats,mlpack,drand48
89,rats,mxnet,memcpy
89,rats,mxnet,memcpy
91,rats,mxnet,fixed size local buffer
93,rats,mxnet,fixed size global buffer
93,rats,mxnet,fixed size global buffer
93,rats,mxnet,fixed size global buffer
93,rats,mxnet,fixed size global buffer
93,rats,mxnet,fixed size global buffer
93,rats,mxnet,fixed size global buffer
93,rats,mxnet,fixed size global buffer
93,rats,mxnet,fixed size global buffer
93,rats,mxnet,fixed size global buffer
93,rats,mxnet,fixed size global buffer
93,rats,mxnet,fixed size global buffer
93,rats,mxnet,fixed size global buffer
93,rats,mxnet,fixed size global buffer
93,rats,mxnet,fixed size global buffer
93,rats,mxnet,fixed size global buffer
93,rats,mxnet,fixed size global buffer
93,rats,mxnet,fixed size global buffer
93,rats,mxnet,fixed size global buffer
93,rats,mxnet,fixed size global buffer
93,rats,mxnet,fixed size global buffer
93,rats,mxnet,fixed size global buffer
93,rats,mxnet,fixed size global buffer
93,rats,mxnet,fixed size global buffer
93,rats,mxnet,fixed size global buffer
93,rats,mxnet,fixed size global buffer
95,rats,mxnet,memcpy
95,rats,mxnet,memcpy
95,rats,mxnet,memcpy
97,rats,mxnet,memcpy
97,rats,mxnet,memcpy
97,rats,mxnet,memcpy
98,rats,mxnet,memcpy
98,rats,mxnet,memcpy
98,rats,mxnet,memcpy
99,rats,mxnet,memcpy
99,rats,mxnet,memcpy
99,rats,mxnet,fixed size global buffer
99,rats,mxnet,fixed size global buffer
99,rats,mxnet,read
100,rats,mxnet,signal
100,rats,mxnet,signal
100,rats,mxnet,memcpy
100,rats,mxnet,memcpy
100,rats,mxnet,memcpy
106,rats,mxnet,memcpy
106,rats,mxnet,memcpy
106,rats,mxnet,memcpy
123,rats,mxnet,memcpy
123,rats,mxnet,memcpy
123,rats,mxnet,memcpy
133,rats,pytorch,getenv
133,rats,pytorch,getenv
133,rats,pytorch,memcpy
138,rats,pytorch,memcpy
162,rats,pytorch,read
162,rats,pytorch,read
162,rats,pytorch,read
162,rats,pytorch,read
162,rats,pytorch,read
162,rats,pytorch,read
162,rats,pytorch,read
162,rats,pytorch,read
162,rats,pytorch,read
162,rats,pytorch,read
162,rats,pytorch,read
162,rats,pytorch,read
162,rats,pytorch,read
162,rats,pytorch,read
162,rats,pytorch,read
162,rats,pytorch,read
162,rats,pytorch,read
162,rats,pytorch,read
162,rats,pytorch,fixed size local buffer
165,rats,pytorch,fixed size global buffer
168,rats,pytorch,memcpy
172,rats,pytorch,memcpy
172,rats,pytorch,memcpy
172,rats,pytorch,snprintf
172,rats,pytorch,snprintf
172,rats,pytorch,snprintf
172,rats,pytorch,snprintf
190,rats,pytorch,memcpy
193,rats,pytorch,memcpy
193,rats,pytorch,memcpy
198,rats,pytorch,memcpy
198,rats,pytorch,memcpy
204,rats,tensorflow,buffer overflow
204,rats,tensorflow,buffer overflow
204,rats,tensorflow,buffer overflow
204,rats,tensorflow,buffer overflow
204,rats,tensorflow,buffer overflow
204,rats,tensorflow,buffer overflow
210,rats,tensorflow,memcpy
210,rats,tensorflow,memcpy
223,rats,tensorflow,buffer overflow
223,rats,tensorflow,buffer overflow
223,rats,tensorflow,buffer overflow
223,rats,tensorflow,buffer overflow
223,rats,tensorflow,buffer overflow
229,rats,tensorflow,buffer overflow
229,rats,tensorflow,buffer overflow
229,rats,tensorflow,buffer overflow
229,rats,tensorflow,buffer overflow
229,rats,tensorflow,buffer overflow
229,rats,tensorflow,buffer overflow
229,rats,tensorflow,buffer overflow
229,rats,tensorflow,buffer overflow
229,rats,tensorflow,buffer overflow
229,rats,tensorflow,buffer overflow
229,rats,tensorflow,buffer overflow
229,rats,tensorflow,buffer overflow
229,rats,tensorflow,buffer overflow
229,rats,tensorflow,buffer overflow
229,rats,tensorflow,buffer overflow
229,rats,tensorflow,buffer overflow
229,rats,tensorflow,buffer overflow
229,rats,tensorflow,buffer overflow
229,rats,tensorflow,buffer overflow
229,rats,tensorflow,buffer overflow
229,rats,tensorflow,buffer overflow
229,rats,tensorflow,buffer overflow
229,rats,tensorflow,buffer overflow
229,rats,tensorflow,buffer overflow
229,rats,tensorflow,buffer overflow
229,rats,tensorflow,buffer overflow
229,rats,tensorflow,buffer overflow
229,rats,tensorflow,buffer overflow
229,rats,tensorflow,buffer overflow
229,rats,tensorflow,buffer overflow
229,rats,tensorflow,buffer overflow
229,rats,tensorflow,buffer overflow
229,rats,tensorflow,buffer overflow
229,rats,tensorflow,buffer overflow
229,rats,tensorflow,buffer overflow
229,rats,tensorflow,buffer overflow
229,rats,tensorflow,buffer overflow
229,rats,tensorflow,buffer overflow
229,rats,tensorflow,buffer overflow
229,rats,tensorflow,buffer overflow
229,rats,tensorflow,buffer overflow
229,rats,tensorflow,buffer overflow
229,rats,tensorflow,buffer overflow
229,rats,tensorflow,buffer overflow
229,rats,tensorflow,buffer overflow
229,rats,tensorflow,buffer overflow
229,rats,tensorflow,buffer overflow
229,rats,tensorflow,buffer overflow
229,rats,tensorflow,buffer overflow
229,rats,tensorflow,buffer overflow
229,rats,tensorflow,buffer overflow
229,rats,tensorflow,buffer overflow
229,rats,tensorflow,buffer overflow
229,rats,tensorflow,buffer overflow
229,rats,tensorflow,buffer overflow
229,rats,tensorflow,buffer overflow
229,rats,tensorflow,buffer overflow
229,rats,tensorflow,buffer overflow
229,rats,tensorflow,buffer overflow
229,rats,tensorflow,buffer overflow
229,rats,tensorflow,buffer overflow
229,rats,tensorflow,buffer overflow
229,rats,tensorflow,buffer overflow
229,rats,tensorflow,buffer overflow
229,rats,tensorflow,buffer overflow
229,rats,tensorflow,buffer overflow
229,rats,tensorflow,buffer overflow
229,rats,tensorflow,buffer overflow
235,rats,tensorflow,realloc
235,rats,tensorflow,realloc
235,rats,tensorflow,memcpy
236,rats,tensorflow,buffer overflow
236,rats,tensorflow,buffer overflow
236,rats,tensorflow,buffer overflow
236,rats,tensorflow,buffer overflow
236,rats,tensorflow,buffer overflow
236,rats,tensorflow,buffer overflow
236,rats,tensorflow,buffer overflow
236,rats,tensorflow,buffer overflow
236,rats,tensorflow,buffer overflow
244,rats,tensorflow,memcpy
245,rats,tensorflow,buffer overflow
245,rats,tensorflow,buffer overflow
245,rats,tensorflow,buffer overflow
245,rats,tensorflow,buffer overflow
245,rats,tensorflow,buffer overflow
245,rats,tensorflow,buffer overflow
258,rats,tensorflow,buffer overflow
258,rats,tensorflow,buffer overflow
258,rats,tensorflow,buffer overflow
258,rats,tensorflow,buffer overflow
258,rats,tensorflow,buffer overflow
258,rats,tensorflow,buffer overflow
267,rats,tensorflow,memcpy
269,rats,tensorflow,buffer overflow
269,rats,tensorflow,buffer overflow
269,rats,tensorflow,buffer overflow
269,rats,tensorflow,buffer overflow
269,rats,tensorflow,buffer overflow
270,rats,tensorflow,buffer overflow
272,rats,tensorflow,memcpy
275,rats,tensorflow,memcpy
284,rats,tensorflow,fixed size local buffer
286,rats,tensorflow,buffer overflow
286,rats,tensorflow,buffer overflow
289,rats,tensorflow,buffer overflow
289,rats,tensorflow,buffer overflow
289,rats,tensorflow,buffer overflow
289,rats,tensorflow,buffer overflow
289,rats,tensorflow,buffer overflow
289,rats,tensorflow,buffer overflow
289,rats,tensorflow,buffer overflow
289,rats,tensorflow,buffer overflow
289,rats,tensorflow,buffer overflow
289,rats,tensorflow,buffer overflow
289,rats,tensorflow,buffer overflow
289,rats,tensorflow,buffer overflow
289,rats,tensorflow,fixed size global buffer
289,rats,tensorflow,fixed size global buffer
289,rats,tensorflow,buffer overflow
289,rats,tensorflow,buffer overflow
289,rats,tensorflow,buffer overflow
289,rats,tensorflow,buffer overflow
289,rats,tensorflow,buffer overflow
289,rats,tensorflow,buffer overflow
289,rats,tensorflow,fixed size global buffer
289,rats,tensorflow,fixed size global buffer
289,rats,tensorflow,memcpy
289,rats,tensorflow,memcpy
289,rats,tensorflow,buffer overflow
289,rats,tensorflow,buffer overflow
289,rats,tensorflow,buffer overflow
289,rats,tensorflow,buffer overflow
289,rats,tensorflow,buffer overflow
289,rats,tensorflow,buffer overflow
289,rats,tensorflow,fixed size global buffer
289,rats,tensorflow,fixed size global buffer
289,rats,tensorflow,memcpy
289,rats,tensorflow,memcpy
289,rats,tensorflow,fixed size local buffer
289,rats,tensorflow,fixed size local buffer
289,rats,tensorflow,buffer overflow
289,rats,tensorflow,buffer overflow
289,rats,tensorflow,buffer overflow
289,rats,tensorflow,buffer overflow
289,rats,tensorflow,buffer overflow
289,rats,tensorflow,buffer overflow
289,rats,tensorflow,fixed size global buffer
289,rats,tensorflow,fixed size global buffer
289,rats,tensorflow,memcpy
289,rats,tensorflow,memcpy
289,rats,tensorflow,fixed size local buffer
289,rats,tensorflow,fixed size local buffer
289,rats,tensorflow,fixed size local buffer
290,rats,tensorflow,memcpy
290,rats,tensorflow,buffer overflow
290,rats,tensorflow,buffer overflow
290,rats,tensorflow,buffer overflow
290,rats,tensorflow,buffer overflow
290,rats,tensorflow,buffer overflow
290,rats,tensorflow,buffer overflow
290,rats,tensorflow,buffer overflow
293,rats,tensorflow,buffer overflow
293,rats,tensorflow,buffer overflow
293,rats,tensorflow,buffer overflow
293,rats,tensorflow,buffer overflow
293,rats,tensorflow,buffer overflow
293,rats,tensorflow,buffer overflow
295,rats,tensorflow,buffer overflow
295,rats,tensorflow,buffer overflow
295,rats,tensorflow,buffer overflow
295,rats,tensorflow,buffer overflow
295,rats,tensorflow,memcpy
301,rats,tensorflow,buffer overflow
301,rats,tensorflow,buffer overflow
301,rats,tensorflow,buffer overflow
301,rats,tensorflow,buffer overflow
301,rats,tensorflow,buffer overflow
301,rats,tensorflow,buffer overflow
301,rats,tensorflow,buffer overflow
301,rats,tensorflow,buffer overflow
301,rats,tensorflow,buffer overflow
301,rats,tensorflow,buffer overflow
301,rats,tensorflow,buffer overflow
301,rats,tensorflow,buffer overflow
301,rats,tensorflow,buffer overflow
301,rats,tensorflow,buffer overflow
301,rats,tensorflow,buffer overflow
301,rats,tensorflow,buffer overflow
301,rats,tensorflow,fixed size local buffer
301,rats,tensorflow,buffer overflow
301,rats,tensorflow,buffer overflow
301,rats,tensorflow,buffer overflow
301,rats,tensorflow,buffer overflow
301,rats,tensorflow,buffer overflow
301,rats,tensorflow,buffer overflow
301,rats,tensorflow,buffer overflow
301,rats,tensorflow,buffer overflow
301,rats,tensorflow,buffer overflow
301,rats,tensorflow,buffer overflow
301,rats,tensorflow,buffer overflow
301,rats,tensorflow,buffer overflow
301,rats,tensorflow,buffer overflow
301,rats,tensorflow,buffer overflow
301,rats,tensorflow,buffer overflow
301,rats,tensorflow,buffer overflow
301,rats,tensorflow,buffer overflow
301,rats,tensorflow,buffer overflow
301,rats,tensorflow,fixed size global buffer
306,rats,tensorflow,memcpy
306,rats,tensorflow,memcpy
317,rats,tensorflow,buffer overflow
317,rats,tensorflow,buffer overflow
321,rats,tensorflow,buffer overflow
321,rats,tensorflow,buffer overflow
321,rats,tensorflow,buffer overflow
321,rats,tensorflow,buffer overflow
321,rats,tensorflow,buffer overflow
321,rats,tensorflow,buffer overflow
321,rats,tensorflow,buffer overflow
321,rats,tensorflow,buffer overflow
321,rats,tensorflow,buffer overflow
321,rats,tensorflow,buffer overflow
321,rats,tensorflow,buffer overflow
321,rats,tensorflow,buffer overflow
321,rats,tensorflow,buffer overflow
321,rats,tensorflow,buffer overflow
321,rats,tensorflow,buffer overflow
321,rats,tensorflow,buffer overflow
321,rats,tensorflow,buffer overflow
321,rats,tensorflow,buffer overflow
321,rats,tensorflow,buffer overflow
321,rats,tensorflow,buffer overflow
321,rats,tensorflow,buffer overflow
321,rats,tensorflow,buffer overflow
321,rats,tensorflow,buffer overflow
321,rats,tensorflow,buffer overflow
321,rats,tensorflow,buffer overflow
321,rats,tensorflow,buffer overflow
321,rats,tensorflow,buffer overflow
321,rats,tensorflow,buffer overflow
321,rats,tensorflow,buffer overflow
321,rats,tensorflow,buffer overflow
321,rats,tensorflow,buffer overflow
321,rats,tensorflow,buffer overflow
321,rats,tensorflow,buffer overflow
321,rats,tensorflow,buffer overflow
322,rats,tensorflow,buffer overflow
322,rats,tensorflow,buffer overflow
322,rats,tensorflow,buffer overflow
322,rats,tensorflow,buffer overflow
322,rats,tensorflow,buffer overflow
322,rats,tensorflow,buffer overflow
322,rats,tensorflow,buffer overflow
322,rats,tensorflow,buffer overflow
322,rats,tensorflow,buffer overflow
322,rats,tensorflow,buffer overflow
322,rats,tensorflow,buffer overflow
322,rats,tensorflow,buffer overflow
322,rats,tensorflow,buffer overflow
322,rats,tensorflow,buffer overflow
322,rats,tensorflow,buffer overflow
322,rats,tensorflow,buffer overflow
322,rats,tensorflow,buffer overflow
322,rats,tensorflow,buffer overflow
322,rats,tensorflow,buffer overflow
322,rats,tensorflow,buffer overflow
322,rats,tensorflow,buffer overflow
322,rats,tensorflow,buffer overflow
322,rats,tensorflow,buffer overflow
322,rats,tensorflow,buffer overflow
322,rats,tensorflow,buffer overflow
322,rats,tensorflow,buffer overflow
322,rats,tensorflow,fixed size global buffer
324,rats,tensorflow,buffer overflow
324,rats,tensorflow,buffer overflow
324,rats,tensorflow,buffer overflow
324,rats,tensorflow,buffer overflow
324,rats,tensorflow,buffer overflow
324,rats,tensorflow,buffer overflow
324,rats,tensorflow,buffer overflow
324,rats,tensorflow,buffer overflow
324,rats,tensorflow,buffer overflow
325,rats,tensorflow,memcpy
327,rats,tensorflow,buffer overflow
327,rats,tensorflow,buffer overflow
327,rats,tensorflow,buffer overflow
327,rats,tensorflow,buffer overflow
327,rats,tensorflow,buffer overflow
327,rats,tensorflow,buffer overflow
327,rats,tensorflow,buffer overflow
327,rats,tensorflow,buffer overflow
327,rats,tensorflow,buffer overflow
327,rats,tensorflow,buffer overflow
327,rats,tensorflow,buffer overflow
327,rats,tensorflow,buffer overflow
327,rats,tensorflow,buffer overflow
327,rats,tensorflow,buffer overflow
327,rats,tensorflow,buffer overflow
327,rats,tensorflow,buffer overflow
327,rats,tensorflow,buffer overflow
327,rats,tensorflow,buffer overflow
327,rats,tensorflow,buffer overflow
327,rats,tensorflow,buffer overflow
327,rats,tensorflow,buffer overflow
327,rats,tensorflow,buffer overflow
327,rats,tensorflow,buffer overflow
327,rats,tensorflow,buffer overflow
327,rats,tensorflow,buffer overflow
327,rats,tensorflow,buffer overflow
327,rats,tensorflow,fixed size global buffer
330,rats,tensorflow,buffer overflow
334,rats,tensorflow,memcpy
334,rats,tensorflow,memcpy
337,rats,tensorflow,buffer overflow
337,rats,tensorflow,buffer overflow
341,rats,tensorflow,buffer overflow
341,rats,tensorflow,buffer overflow
341,rats,tensorflow,buffer overflow
341,rats,tensorflow,buffer overflow
341,rats,tensorflow,buffer overflow
341,rats,tensorflow,buffer overflow
341,rats,tensorflow,buffer overflow
341,rats,tensorflow,buffer overflow
341,rats,tensorflow,buffer overflow
341,rats,tensorflow,buffer overflow
341,rats,tensorflow,buffer overflow
341,rats,tensorflow,buffer overflow
341,rats,tensorflow,buffer overflow
341,rats,tensorflow,buffer overflow
341,rats,tensorflow,buffer overflow
341,rats,tensorflow,buffer overflow
341,rats,tensorflow,buffer overflow
341,rats,tensorflow,buffer overflow
341,rats,tensorflow,buffer overflow
341,rats,tensorflow,buffer overflow
341,rats,tensorflow,buffer overflow
341,rats,tensorflow,buffer overflow
341,rats,tensorflow,fixed size global buffer
343,rats,tensorflow,buffer overflow
343,rats,tensorflow,buffer overflow
343,rats,tensorflow,buffer overflow
343,rats,tensorflow,buffer overflow
345,rats,tensorflow,fixed size global buffer
345,rats,tensorflow,fixed size global buffer
346,rats,tensorflow,buffer overflow
346,rats,tensorflow,buffer overflow
346,rats,tensorflow,buffer overflow
346,rats,tensorflow,buffer overflow
346,rats,tensorflow,buffer overflow
346,rats,tensorflow,buffer overflow
346,rats,tensorflow,buffer overflow
346,rats,tensorflow,buffer overflow
346,rats,tensorflow,buffer overflow
346,rats,tensorflow,buffer overflow
346,rats,tensorflow,fixed size local buffer
350,rats,tensorflow,buffer overflow
350,rats,tensorflow,buffer overflow
350,rats,tensorflow,buffer overflow
350,rats,tensorflow,buffer overflow
350,rats,tensorflow,buffer overflow
350,rats,tensorflow,buffer overflow
353,rats,tensorflow,buffer overflow
353,rats,tensorflow,buffer overflow
353,rats,tensorflow,buffer overflow
353,rats,tensorflow,buffer overflow
355,rats,tensorflow,buffer overflow
355,rats,tensorflow,buffer overflow
355,rats,tensorflow,buffer overflow
355,rats,tensorflow,buffer overflow
355,rats,tensorflow,buffer overflow
355,rats,tensorflow,buffer overflow
356,rats,tensorflow,fixed size global buffer
356,rats,tensorflow,fixed size global buffer
356,rats,tensorflow,memcpy
356,rats,tensorflow,memcpy
358,rats,tensorflow,buffer overflow
358,rats,tensorflow,buffer overflow
358,rats,tensorflow,buffer overflow
358,rats,tensorflow,buffer overflow
358,rats,tensorflow,memcpy
358,rats,tensorflow,memcpy
358,rats,tensorflow,memcpy
358,rats,tensorflow,memcpy
358,rats,tensorflow,memcpy
361,rats,tensorflow,buffer overflow
362,rats,tensorflow,buffer overflow
366,rats,tensorflow,buffer overflow
366,rats,tensorflow,buffer overflow
366,rats,tensorflow,getenv
366,rats,tensorflow,buffer overflow
366,rats,tensorflow,getenv
366,rats,tensorflow,memcpy
366,rats,tensorflow,memcpy
366,rats,tensorflow,memcpy
367,rats,tensorflow,buffer overflow
367,rats,tensorflow,buffer overflow
367,rats,tensorflow,buffer overflow
370,rats,tensorflow,buffer overflow
370,rats,tensorflow,buffer overflow
370,rats,tensorflow,buffer overflow
370,rats,tensorflow,buffer overflow
370,rats,tensorflow,buffer overflow
370,rats,tensorflow,fixed size global buffer
370,rats,tensorflow,fixed size global buffer
370,rats,tensorflow,fixed size global buffer
370,rats,tensorflow,fixed size global buffer
370,rats,tensorflow,fixed size global buffer
370,rats,tensorflow,fixed size global buffer
370,rats,tensorflow,strlen
370,rats,tensorflow,strlen
370,rats,tensorflow,fixed size global buffer
370,rats,tensorflow,fixed size global buffer
370,rats,tensorflow,fixed size global buffer
370,rats,tensorflow,strlen
370,rats,tensorflow,strlen
370,rats,tensorflow,snprintf
370,rats,tensorflow,snprintf
370,rats,tensorflow,snprintf
370,rats,tensorflow,snprintf
370,rats,tensorflow,snprintf
370,rats,tensorflow,snprintf
370,rats,tensorflow,snprintf
371,rats,tensorflow,buffer overflow
371,rats,tensorflow,buffer overflow
372,rats,tensorflow,buffer overflow
372,rats,tensorflow,buffer overflow
372,rats,tensorflow,buffer overflow
372,rats,tensorflow,buffer overflow
372,rats,tensorflow,buffer overflow
372,rats,tensorflow,buffer overflow
372,rats,tensorflow,buffer overflow
372,rats,tensorflow,buffer overflow
376,rats,tensorflow,buffer overflow
376,rats,tensorflow,buffer overflow
376,rats,tensorflow,memcpy
376,rats,tensorflow,buffer overflow
380,rats,tensorflow,memcpy
382,rats,tensorflow,buffer overflow
383,rats,tensorflow,buffer overflow
384,rats,tensorflow,memcpy
384,rats,tensorflow,memcpy
385,rats,tensorflow,buffer overflow
385,rats,tensorflow,buffer overflow
385,rats,tensorflow,buffer overflow
385,rats,tensorflow,buffer overflow
386,rats,tensorflow,memcpy
387,rats,tensorflow,memcpy
387,rats,tensorflow,memcpy
387,rats,tensorflow,strlen
391,rats,tensorflow,buffer overflow
391,rats,tensorflow,buffer overflow
392,rats,tensorflow,buffer overflow
395,rats,tensorflow,buffer overflow
395,rats,tensorflow,buffer overflow
396,rats,tensorflow,buffer overflow
396,rats,tensorflow,buffer overflow
396,rats,tensorflow,buffer overflow
396,rats,tensorflow,buffer overflow
396,rats,tensorflow,buffer overflow
396,rats,tensorflow,buffer overflow
396,rats,tensorflow,buffer overflow
396,rats,tensorflow,buffer overflow
396,rats,tensorflow,buffer overflow
396,rats,tensorflow,buffer overflow
396,rats,tensorflow,buffer overflow
396,rats,tensorflow,buffer overflow
396,rats,tensorflow,buffer overflow
396,rats,tensorflow,buffer overflow
396,rats,tensorflow,buffer overflow
396,rats,tensorflow,buffer overflow
396,rats,tensorflow,buffer overflow
396,rats,tensorflow,buffer overflow
396,rats,tensorflow,buffer overflow
396,rats,tensorflow,buffer overflow
396,rats,tensorflow,buffer overflow
399,rats,tensorflow,buffer overflow
399,rats,tensorflow,buffer overflow
399,rats,tensorflow,buffer overflow
399,rats,tensorflow,buffer overflow
399,rats,tensorflow,buffer overflow
399,rats,tensorflow,buffer overflow
399,rats,tensorflow,buffer overflow
399,rats,tensorflow,buffer overflow
399,rats,tensorflow,buffer overflow
399,rats,tensorflow,buffer overflow
399,rats,tensorflow,buffer overflow
399,rats,tensorflow,buffer overflow
399,rats,tensorflow,buffer overflow
399,rats,tensorflow,buffer overflow
399,rats,tensorflow,buffer overflow
399,rats,tensorflow,buffer overflow
399,rats,tensorflow,buffer overflow
399,rats,tensorflow,buffer overflow
399,rats,tensorflow,buffer overflow
399,rats,tensorflow,buffer overflow
399,rats,tensorflow,buffer overflow
399,rats,tensorflow,buffer overflow
399,rats,tensorflow,buffer overflow
399,rats,tensorflow,buffer overflow
399,rats,tensorflow,buffer overflow
399,rats,tensorflow,buffer overflow
399,rats,tensorflow,buffer overflow
399,rats,tensorflow,buffer overflow
399,rats,tensorflow,buffer overflow
399,rats,tensorflow,buffer overflow
399,rats,tensorflow,buffer overflow
399,rats,tensorflow,buffer overflow
399,rats,tensorflow,buffer overflow
399,rats,tensorflow,buffer overflow
401,rats,tensorflow,buffer overflow
401,rats,tensorflow,buffer overflow
401,rats,tensorflow,buffer overflow
401,rats,tensorflow,buffer overflow
401,rats,tensorflow,buffer overflow
401,rats,tensorflow,buffer overflow
401,rats,tensorflow,buffer overflow
401,rats,tensorflow,buffer overflow
401,rats,tensorflow,buffer overflow
401,rats,tensorflow,buffer overflow
401,rats,tensorflow,buffer overflow
401,rats,tensorflow,buffer overflow
401,rats,tensorflow,buffer overflow
401,rats,tensorflow,buffer overflow
401,rats,tensorflow,buffer overflow
401,rats,tensorflow,buffer overflow
401,rats,tensorflow,buffer overflow
401,rats,tensorflow,buffer overflow
401,rats,tensorflow,buffer overflow
401,rats,tensorflow,buffer overflow
401,rats,tensorflow,buffer overflow
401,rats,tensorflow,buffer overflow
401,rats,tensorflow,buffer overflow
401,rats,tensorflow,buffer overflow
401,rats,tensorflow,buffer overflow
401,rats,tensorflow,buffer overflow
401,rats,tensorflow,fixed size global buffer
405,rats,tensorflow,buffer overflow
405,rats,tensorflow,buffer overflow
405,rats,tensorflow,buffer overflow
405,rats,tensorflow,buffer overflow
405,rats,tensorflow,buffer overflow
405,rats,tensorflow,buffer overflow
405,rats,tensorflow,buffer overflow
405,rats,tensorflow,buffer overflow
405,rats,tensorflow,buffer overflow
405,rats,tensorflow,buffer overflow
405,rats,tensorflow,buffer overflow
405,rats,tensorflow,buffer overflow
405,rats,tensorflow,fixed size global buffer
409,rats,tensorflow,buffer overflow
410,rats,tensorflow,buffer overflow
410,rats,tensorflow,buffer overflow
410,rats,tensorflow,buffer overflow
410,rats,tensorflow,buffer overflow
410,rats,tensorflow,buffer overflow
410,rats,tensorflow,buffer overflow
410,rats,tensorflow,buffer overflow
410,rats,tensorflow,buffer overflow
410,rats,tensorflow,buffer overflow
410,rats,tensorflow,buffer overflow
410,rats,tensorflow,buffer overflow
410,rats,tensorflow,buffer overflow
410,rats,tensorflow,buffer overflow
410,rats,tensorflow,buffer overflow
410,rats,tensorflow,buffer overflow
410,rats,tensorflow,buffer overflow
410,rats,tensorflow,buffer overflow
410,rats,tensorflow,buffer overflow
410,rats,tensorflow,buffer overflow
410,rats,tensorflow,buffer overflow
410,rats,tensorflow,buffer overflow
410,rats,tensorflow,buffer overflow
410,rats,tensorflow,strlen
410,rats,tensorflow,strlen
410,rats,tensorflow,strlen
410,rats,tensorflow,strlen
410,rats,tensorflow,strlen
410,rats,tensorflow,strlen
410,rats,tensorflow,strlen
410,rats,tensorflow,strlen
411,rats,tensorflow,buffer overflow
411,rats,tensorflow,buffer overflow
411,rats,tensorflow,buffer overflow
411,rats,tensorflow,buffer overflow
411,rats,tensorflow,buffer overflow
411,rats,tensorflow,buffer overflow
411,rats,tensorflow,buffer overflow
411,rats,tensorflow,buffer overflow
411,rats,tensorflow,strlen
411,rats,tensorflow,strlen
413,rats,tensorflow,buffer overflow
413,rats,tensorflow,buffer overflow
413,rats,tensorflow,buffer overflow
413,rats,tensorflow,buffer overflow
413,rats,tensorflow,buffer overflow
413,rats,tensorflow,buffer overflow
413,rats,tensorflow,buffer overflow
413,rats,tensorflow,buffer overflow
413,rats,tensorflow,buffer overflow
413,rats,tensorflow,buffer overflow
413,rats,tensorflow,buffer overflow
413,rats,tensorflow,buffer overflow
413,rats,tensorflow,buffer overflow
413,rats,tensorflow,buffer overflow
413,rats,tensorflow,buffer overflow
413,rats,tensorflow,buffer overflow
413,rats,tensorflow,buffer overflow
413,rats,tensorflow,buffer overflow
413,rats,tensorflow,buffer overflow
413,rats,tensorflow,buffer overflow
413,rats,tensorflow,buffer overflow
413,rats,tensorflow,buffer overflow
413,rats,tensorflow,buffer overflow
413,rats,tensorflow,buffer overflow
413,rats,tensorflow,strlen
413,rats,tensorflow,strlen
413,rats,tensorflow,strlen
413,rats,tensorflow,strlen
413,rats,tensorflow,strlen
413,rats,tensorflow,strlen
413,rats,tensorflow,strlen
416,rats,tensorflow,buffer overflow
416,rats,tensorflow,buffer overflow
416,rats,tensorflow,buffer overflow
416,rats,tensorflow,buffer overflow
416,rats,tensorflow,buffer overflow
416,rats,tensorflow,buffer overflow
416,rats,tensorflow,buffer overflow
416,rats,tensorflow,buffer overflow
416,rats,tensorflow,buffer overflow
416,rats,tensorflow,buffer overflow
416,rats,tensorflow,buffer overflow
416,rats,tensorflow,buffer overflow
416,rats,tensorflow,buffer overflow
416,rats,tensorflow,buffer overflow
416,rats,tensorflow,buffer overflow
416,rats,tensorflow,buffer overflow
416,rats,tensorflow,buffer overflow
416,rats,tensorflow,buffer overflow
416,rats,tensorflow,buffer overflow
416,rats,tensorflow,buffer overflow
416,rats,tensorflow,buffer overflow
416,rats,tensorflow,buffer overflow
416,rats,tensorflow,strlen
416,rats,tensorflow,strlen
416,rats,tensorflow,strlen
416,rats,tensorflow,strlen
416,rats,tensorflow,strlen
416,rats,tensorflow,strlen
416,rats,tensorflow,strlen
417,rats,tensorflow,buffer overflow
419,rats,tensorflow,fixed size global buffer
419,rats,tensorflow,fixed size global buffer
419,rats,tensorflow,snprintf
419,rats,tensorflow,snprintf
419,rats,tensorflow,buffer overflow
419,rats,tensorflow,buffer overflow
423,rats,tensorflow,memcpy
423,rats,tensorflow,memcpy
423,rats,tensorflow,memcpy
424,rats,tensorflow,buffer overflow
424,rats,tensorflow,buffer overflow
428,rats,tensorflow,buffer overflow
429,rats,tensorflow,buffer overflow
429,rats,tensorflow,buffer overflow
429,rats,tensorflow,buffer overflow
429,rats,tensorflow,buffer overflow
429,rats,tensorflow,buffer overflow
429,rats,tensorflow,buffer overflow
430,rats,tensorflow,buffer overflow
430,rats,tensorflow,buffer overflow
431,rats,tensorflow,buffer overflow
432,rats,tensorflow,buffer overflow
432,rats,tensorflow,buffer overflow
433,rats,tensorflow,buffer overflow
433,rats,tensorflow,buffer overflow
433,rats,tensorflow,fixed size local buffer
436,rats,tensorflow,fixed size global buffer
436,rats,tensorflow,fixed size global buffer
436,rats,tensorflow,fixed size global buffer
436,rats,tensorflow,fixed size global buffer
436,rats,tensorflow,fixed size global buffer
436,rats,tensorflow,fixed size global buffer
436,rats,tensorflow,strlen
436,rats,tensorflow,strlen
436,rats,tensorflow,fixed size global buffer
436,rats,tensorflow,fixed size global buffer
436,rats,tensorflow,fixed size global buffer
436,rats,tensorflow,strlen
436,rats,tensorflow,strlen
436,rats,tensorflow,snprintf
436,rats,tensorflow,snprintf
436,rats,tensorflow,snprintf
436,rats,tensorflow,snprintf
436,rats,tensorflow,snprintf
436,rats,tensorflow,snprintf
436,rats,tensorflow,snprintf
440,rats,tensorflow,fixed size global buffer
446,rats,tensorflow,strlen
448,rats,tensorflow,memcpy
5,flawfinder,mlpack,CWE-119
5,flawfinder,mlpack,CWE-120
5,flawfinder,mlpack,CWE-119
5,flawfinder,mlpack,CWE-120
54,flawfinder,mlpack,CWE-362
54,flawfinder,mlpack,CWE-367
55,flawfinder,mlpack,CWE-134
55,flawfinder,mlpack,CWE-134
55,flawfinder,mlpack,CWE-134
55,flawfinder,mlpack,CWE-362
55,flawfinder,mlpack,CWE-362
55,flawfinder,mlpack,CWE-126
55,flawfinder,mlpack,CWE-126
60,flawfinder,mlpack,CWE-134
60,flawfinder,mlpack,CWE-119
60,flawfinder,mlpack,CWE-120
60,flawfinder,mlpack,CWE-120
60,flawfinder,mlpack,CWE-327
60,flawfinder,mlpack,CWE-327
60,flawfinder,mlpack,CWE-327
60,flawfinder,mlpack,CWE-327
60,flawfinder,mlpack,CWE-119
60,flawfinder,mlpack,CWE-120
60,flawfinder,mlpack,CWE-120
62,flawfinder,mlpack,CWE-120
74,flawfinder,mxnet,CWE-327
89,flawfinder,mxnet,CWE-120
89,flawfinder,mxnet,CWE-120
91,flawfinder,mxnet,CWE-119
91,flawfinder,mxnet,CWE-120
91,flawfinder,mxnet,CWE-119
91,flawfinder,mxnet,CWE-120
91,flawfinder,mxnet,CWE-126
91,flawfinder,mxnet,CWE-126
91,flawfinder,mxnet,CWE-126
91,flawfinder,mxnet,CWE-126
91,flawfinder,mxnet,CWE-126
93,flawfinder,mxnet,CWE-119
93,flawfinder,mxnet,CWE-120
93,flawfinder,mxnet,CWE-119
93,flawfinder,mxnet,CWE-120
93,flawfinder,mxnet,CWE-119
93,flawfinder,mxnet,CWE-120
93,flawfinder,mxnet,CWE-119
93,flawfinder,mxnet,CWE-120
93,flawfinder,mxnet,CWE-119
93,flawfinder,mxnet,CWE-120
93,flawfinder,mxnet,CWE-119
93,flawfinder,mxnet,CWE-120
93,flawfinder,mxnet,CWE-119
93,flawfinder,mxnet,CWE-120
93,flawfinder,mxnet,CWE-119
93,flawfinder,mxnet,CWE-120
93,flawfinder,mxnet,CWE-119
93,flawfinder,mxnet,CWE-120
93,flawfinder,mxnet,CWE-119
93,flawfinder,mxnet,CWE-120
93,flawfinder,mxnet,CWE-119
93,flawfinder,mxnet,CWE-120
93,flawfinder,mxnet,CWE-119
93,flawfinder,mxnet,CWE-120
93,flawfinder,mxnet,CWE-119
93,flawfinder,mxnet,CWE-120
93,flawfinder,mxnet,CWE-119
93,flawfinder,mxnet,CWE-120
93,flawfinder,mxnet,CWE-119
93,flawfinder,mxnet,CWE-120
93,flawfinder,mxnet,CWE-119
93,flawfinder,mxnet,CWE-120
95,flawfinder,mxnet,CWE-120
95,flawfinder,mxnet,CWE-120
95,flawfinder,mxnet,CWE-120
97,flawfinder,mxnet,CWE-120
97,flawfinder,mxnet,CWE-120
97,flawfinder,mxnet,CWE-120
98,flawfinder,mxnet,CWE-120
98,flawfinder,mxnet,CWE-120
98,flawfinder,mxnet,CWE-120
99,flawfinder,mxnet,CWE-327
99,flawfinder,mxnet,CWE-327
99,flawfinder,mxnet,CWE-120
99,flawfinder,mxnet,CWE-120
99,flawfinder,mxnet,CWE-190
99,flawfinder,mxnet,CWE-190
99,flawfinder,mxnet,CWE-190
99,flawfinder,mxnet,CWE-190
99,flawfinder,mxnet,CWE-120
99,flawfinder,mxnet,CWE-20
100,flawfinder,mxnet,CWE-120
100,flawfinder,mxnet,CWE-120
100,flawfinder,mxnet,CWE-120
106,flawfinder,mxnet,CWE-190
106,flawfinder,mxnet,CWE-120
106,flawfinder,mxnet,CWE-120
106,flawfinder,mxnet,CWE-120
114,flawfinder,mxnet,CWE-362
114,flawfinder,mxnet,CWE-367
114,flawfinder,mxnet,CWE-362
114,flawfinder,mxnet,CWE-367
114,flawfinder,mxnet,CWE-362
114,flawfinder,mxnet,CWE-367
114,flawfinder,mxnet,CWE-362
114,flawfinder,mxnet,CWE-367
114,flawfinder,mxnet,CWE-362
114,flawfinder,mxnet,CWE-367
114,flawfinder,mxnet,CWE-362
114,flawfinder,mxnet,CWE-367
123,flawfinder,mxnet,CWE-120
123,flawfinder,mxnet,CWE-120
123,flawfinder,mxnet,CWE-120
123,flawfinder,mxnet,CWE-190
124,flawfinder,mxnet,CWE-190
133,flawfinder,pytorch,CWE-807
133,flawfinder,pytorch,CWE-20
133,flawfinder,pytorch,CWE-120
138,flawfinder,pytorch,CWE-120
162,flawfinder,pytorch,CWE-362
162,flawfinder,pytorch,CWE-120
162,flawfinder,pytorch,CWE-20
162,flawfinder,pytorch,CWE-120
162,flawfinder,pytorch,CWE-20
162,flawfinder,pytorch,CWE-120
162,flawfinder,pytorch,CWE-20
162,flawfinder,pytorch,CWE-120
162,flawfinder,pytorch,CWE-20
162,flawfinder,pytorch,CWE-120
162,flawfinder,pytorch,CWE-20
162,flawfinder,pytorch,CWE-120
162,flawfinder,pytorch,CWE-20
162,flawfinder,pytorch,CWE-120
162,flawfinder,pytorch,CWE-20
162,flawfinder,pytorch,CWE-120
162,flawfinder,pytorch,CWE-20
162,flawfinder,pytorch,CWE-120
162,flawfinder,pytorch,CWE-20
162,flawfinder,pytorch,CWE-120
162,flawfinder,pytorch,CWE-20
165,flawfinder,pytorch,CWE-119
165,flawfinder,pytorch,CWE-120
168,flawfinder,pytorch,CWE-120
172,flawfinder,pytorch,CWE-134
172,flawfinder,pytorch,CWE-120
190,flawfinder,pytorch,CWE-120
193,flawfinder,pytorch,CWE-120
193,flawfinder,pytorch,CWE-120
193,flawfinder,pytorch,CWE-126
193,flawfinder,pytorch,CWE-126
193,flawfinder,pytorch,CWE-126
197,flawfinder,pytorch,CWE-807
197,flawfinder,pytorch,CWE-20
197,flawfinder,pytorch,CWE-807
197,flawfinder,pytorch,CWE-20
197,flawfinder,pytorch,CWE-807
197,flawfinder,pytorch,CWE-20
197,flawfinder,pytorch,CWE-807
197,flawfinder,pytorch,CWE-20
198,flawfinder,pytorch,CWE-120
198,flawfinder,pytorch,CWE-120
198,flawfinder,pytorch,CWE-126
198,flawfinder,pytorch,CWE-126
198,flawfinder,pytorch,CWE-126
204,flawfinder,tensorflow,CWE-120
204,flawfinder,tensorflow,CWE-120
204,flawfinder,tensorflow,CWE-120
204,flawfinder,tensorflow,CWE-120
204,flawfinder,tensorflow,CWE-120
204,flawfinder,tensorflow,CWE-120
204,flawfinder,tensorflow,CWE-120
204,flawfinder,tensorflow,CWE-120
210,flawfinder,tensorflow,CWE-120
210,flawfinder,tensorflow,CWE-120
222,flawfinder,tensorflow,CWE-120
222,flawfinder,tensorflow,CWE-120
222,flawfinder,tensorflow,CWE-120
222,flawfinder,tensorflow,CWE-120
222,flawfinder,tensorflow,CWE-120
222,flawfinder,tensorflow,CWE-120
222,flawfinder,tensorflow,CWE-120
223,flawfinder,tensorflow,CWE-120
223,flawfinder,tensorflow,CWE-120
223,flawfinder,tensorflow,CWE-120
223,flawfinder,tensorflow,CWE-120
223,flawfinder,tensorflow,CWE-120
223,flawfinder,tensorflow,CWE-120
223,flawfinder,tensorflow,CWE-120
223,flawfinder,tensorflow,CWE-120
223,flawfinder,tensorflow,CWE-120
223,flawfinder,tensorflow,CWE-120
229,flawfinder,tensorflow,CWE-120
229,flawfinder,tensorflow,CWE-120
229,flawfinder,tensorflow,CWE-120
229,flawfinder,tensorflow,CWE-120
229,flawfinder,tensorflow,CWE-120
229,flawfinder,tensorflow,CWE-120
229,flawfinder,tensorflow,CWE-120
229,flawfinder,tensorflow,CWE-120
229,flawfinder,tensorflow,CWE-120
229,flawfinder,tensorflow,CWE-120
229,flawfinder,tensorflow,CWE-120
229,flawfinder,tensorflow,CWE-120
229,flawfinder,tensorflow,CWE-120
229,flawfinder,tensorflow,CWE-120
229,flawfinder,tensorflow,CWE-120
229,flawfinder,tensorflow,CWE-120
229,flawfinder,tensorflow,CWE-120
229,flawfinder,tensorflow,CWE-120
229,flawfinder,tensorflow,CWE-120
229,flawfinder,tensorflow,CWE-120
229,flawfinder,tensorflow,CWE-120
229,flawfinder,tensorflow,CWE-120
229,flawfinder,tensorflow,CWE-120
229,flawfinder,tensorflow,CWE-120
229,flawfinder,tensorflow,CWE-120
229,flawfinder,tensorflow,CWE-120
229,flawfinder,tensorflow,CWE-120
229,flawfinder,tensorflow,CWE-120
229,flawfinder,tensorflow,CWE-120
229,flawfinder,tensorflow,CWE-120
229,flawfinder,tensorflow,CWE-120
229,flawfinder,tensorflow,CWE-120
229,flawfinder,tensorflow,CWE-120
229,flawfinder,tensorflow,CWE-120
229,flawfinder,tensorflow,CWE-120
229,flawfinder,tensorflow,CWE-120
229,flawfinder,tensorflow,CWE-120
229,flawfinder,tensorflow,CWE-120
229,flawfinder,tensorflow,CWE-120
229,flawfinder,tensorflow,CWE-120
229,flawfinder,tensorflow,CWE-120
229,flawfinder,tensorflow,CWE-120
229,flawfinder,tensorflow,CWE-120
229,flawfinder,tensorflow,CWE-120
229,flawfinder,tensorflow,CWE-120
229,flawfinder,tensorflow,CWE-120
229,flawfinder,tensorflow,CWE-120
229,flawfinder,tensorflow,CWE-120
229,flawfinder,tensorflow,CWE-120
229,flawfinder,tensorflow,CWE-120
229,flawfinder,tensorflow,CWE-120
229,flawfinder,tensorflow,CWE-120
229,flawfinder,tensorflow,CWE-120
229,flawfinder,tensorflow,CWE-120
229,flawfinder,tensorflow,CWE-120
229,flawfinder,tensorflow,CWE-120
229,flawfinder,tensorflow,CWE-120
229,flawfinder,tensorflow,CWE-120
229,flawfinder,tensorflow,CWE-120
229,flawfinder,tensorflow,CWE-120
229,flawfinder,tensorflow,CWE-120
229,flawfinder,tensorflow,CWE-120
229,flawfinder,tensorflow,CWE-120
229,flawfinder,tensorflow,CWE-120
229,flawfinder,tensorflow,CWE-120
229,flawfinder,tensorflow,CWE-120
229,flawfinder,tensorflow,CWE-120
229,flawfinder,tensorflow,CWE-120
229,flawfinder,tensorflow,CWE-120
229,flawfinder,tensorflow,CWE-120
229,flawfinder,tensorflow,CWE-120
229,flawfinder,tensorflow,CWE-120
229,flawfinder,tensorflow,CWE-120
229,flawfinder,tensorflow,CWE-120
229,flawfinder,tensorflow,CWE-120
229,flawfinder,tensorflow,CWE-120
229,flawfinder,tensorflow,CWE-120
229,flawfinder,tensorflow,CWE-120
229,flawfinder,tensorflow,CWE-120
234,flawfinder,tensorflow,CWE-120
234,flawfinder,tensorflow,CWE-120
234,flawfinder,tensorflow,CWE-120
235,flawfinder,tensorflow,CWE-120
236,flawfinder,tensorflow,CWE-120
236,flawfinder,tensorflow,CWE-120
236,flawfinder,tensorflow,CWE-120
236,flawfinder,tensorflow,CWE-120
236,flawfinder,tensorflow,CWE-120
236,flawfinder,tensorflow,CWE-120
236,flawfinder,tensorflow,CWE-120
236,flawfinder,tensorflow,CWE-120
236,flawfinder,tensorflow,CWE-120
236,flawfinder,tensorflow,CWE-120
236,flawfinder,tensorflow,CWE-120
236,flawfinder,tensorflow,CWE-120
236,flawfinder,tensorflow,CWE-120
236,flawfinder,tensorflow,CWE-120
236,flawfinder,tensorflow,CWE-120
236,flawfinder,tensorflow,CWE-120
236,flawfinder,tensorflow,CWE-120
236,flawfinder,tensorflow,CWE-120
236,flawfinder,tensorflow,CWE-120
236,flawfinder,tensorflow,CWE-120
236,flawfinder,tensorflow,CWE-120
236,flawfinder,tensorflow,CWE-327
240,flawfinder,tensorflow,CWE-126
243,flawfinder,tensorflow,CWE-126
243,flawfinder,tensorflow,CWE-126
244,flawfinder,tensorflow,CWE-120
245,flawfinder,tensorflow,CWE-120
245,flawfinder,tensorflow,CWE-120
245,flawfinder,tensorflow,CWE-120
245,flawfinder,tensorflow,CWE-120
245,flawfinder,tensorflow,CWE-120
245,flawfinder,tensorflow,CWE-120
245,flawfinder,tensorflow,CWE-120
245,flawfinder,tensorflow,CWE-120
245,flawfinder,tensorflow,CWE-120
245,flawfinder,tensorflow,CWE-120
245,flawfinder,tensorflow,CWE-120
245,flawfinder,tensorflow,CWE-120
245,flawfinder,tensorflow,CWE-120
247,flawfinder,tensorflow,CWE-126
251,flawfinder,tensorflow,CWE-126
256,flawfinder,tensorflow,CWE-126
258,flawfinder,tensorflow,CWE-120
258,flawfinder,tensorflow,CWE-120
258,flawfinder,tensorflow,CWE-120
258,flawfinder,tensorflow,CWE-120
258,flawfinder,tensorflow,CWE-120
258,flawfinder,tensorflow,CWE-120
258,flawfinder,tensorflow,CWE-120
258,flawfinder,tensorflow,CWE-126
258,flawfinder,tensorflow,CWE-126
258,flawfinder,tensorflow,CWE-126
258,flawfinder,tensorflow,CWE-126
258,flawfinder,tensorflow,CWE-126
267,flawfinder,tensorflow,CWE-120
269,flawfinder,tensorflow,CWE-120
269,flawfinder,tensorflow,CWE-120
269,flawfinder,tensorflow,CWE-120
269,flawfinder,tensorflow,CWE-120
269,flawfinder,tensorflow,CWE-120
269,flawfinder,tensorflow,CWE-120
269,flawfinder,tensorflow,CWE-120
269,flawfinder,tensorflow,CWE-120
269,flawfinder,tensorflow,CWE-120
269,flawfinder,tensorflow,CWE-120
270,flawfinder,tensorflow,CWE-120
272,flawfinder,tensorflow,CWE-120
272,flawfinder,tensorflow,CWE-120
272,flawfinder,tensorflow,CWE-120
272,flawfinder,tensorflow,CWE-120
272,flawfinder,tensorflow,CWE-120
275,flawfinder,tensorflow,CWE-120
277,flawfinder,tensorflow,CWE-327
277,flawfinder,tensorflow,CWE-327
277,flawfinder,tensorflow,CWE-327
277,flawfinder,tensorflow,CWE-327
277,flawfinder,tensorflow,CWE-327
277,flawfinder,tensorflow,CWE-327
277,flawfinder,tensorflow,CWE-327
277,flawfinder,tensorflow,CWE-327
277,flawfinder,tensorflow,CWE-327
277,flawfinder,tensorflow,CWE-327
277,flawfinder,tensorflow,CWE-327
277,flawfinder,tensorflow,CWE-327
277,flawfinder,tensorflow,CWE-327
277,flawfinder,tensorflow,CWE-327
277,flawfinder,tensorflow,CWE-327
277,flawfinder,tensorflow,CWE-327
277,flawfinder,tensorflow,CWE-327
277,flawfinder,tensorflow,CWE-327
277,flawfinder,tensorflow,CWE-327
277,flawfinder,tensorflow,CWE-327
277,flawfinder,tensorflow,CWE-327
277,flawfinder,tensorflow,CWE-327
277,flawfinder,tensorflow,CWE-327
277,flawfinder,tensorflow,CWE-327
277,flawfinder,tensorflow,CWE-327
277,flawfinder,tensorflow,CWE-327
277,flawfinder,tensorflow,CWE-327
277,flawfinder,tensorflow,CWE-327
277,flawfinder,tensorflow,CWE-327
277,flawfinder,tensorflow,CWE-327
277,flawfinder,tensorflow,CWE-327
277,flawfinder,tensorflow,CWE-327
277,flawfinder,tensorflow,CWE-327
277,flawfinder,tensorflow,CWE-327
277,flawfinder,tensorflow,CWE-327
277,flawfinder,tensorflow,CWE-327
277,flawfinder,tensorflow,CWE-327
277,flawfinder,tensorflow,CWE-327
277,flawfinder,tensorflow,CWE-327
277,flawfinder,tensorflow,CWE-327
277,flawfinder,tensorflow,CWE-327
277,flawfinder,tensorflow,CWE-327
277,flawfinder,tensorflow,CWE-327
277,flawfinder,tensorflow,CWE-327
277,flawfinder,tensorflow,CWE-327
277,flawfinder,tensorflow,CWE-327
277,flawfinder,tensorflow,CWE-327
277,flawfinder,tensorflow,CWE-327
277,flawfinder,tensorflow,CWE-327
277,flawfinder,tensorflow,CWE-327
277,flawfinder,tensorflow,CWE-327
277,flawfinder,tensorflow,CWE-327
277,flawfinder,tensorflow,CWE-327
277,flawfinder,tensorflow,CWE-327
277,flawfinder,tensorflow,CWE-327
277,flawfinder,tensorflow,CWE-327
277,flawfinder,tensorflow,CWE-327
277,flawfinder,tensorflow,CWE-327
277,flawfinder,tensorflow,CWE-327
277,flawfinder,tensorflow,CWE-327
277,flawfinder,tensorflow,CWE-327
277,flawfinder,tensorflow,CWE-327
277,flawfinder,tensorflow,CWE-327
277,flawfinder,tensorflow,CWE-327
277,flawfinder,tensorflow,CWE-327
285,flawfinder,tensorflow,CWE-120
285,flawfinder,tensorflow,CWE-20
285,flawfinder,tensorflow,CWE-120
285,flawfinder,tensorflow,CWE-20
285,flawfinder,tensorflow,CWE-120
285,flawfinder,tensorflow,CWE-20
285,flawfinder,tensorflow,CWE-120
285,flawfinder,tensorflow,CWE-20
285,flawfinder,tensorflow,CWE-120
285,flawfinder,tensorflow,CWE-20
285,flawfinder,tensorflow,CWE-120
285,flawfinder,tensorflow,CWE-20
285,flawfinder,tensorflow,CWE-120
285,flawfinder,tensorflow,CWE-20
285,flawfinder,tensorflow,CWE-120
285,flawfinder,tensorflow,CWE-20
285,flawfinder,tensorflow,CWE-120
285,flawfinder,tensorflow,CWE-20
286,flawfinder,tensorflow,CWE-120
286,flawfinder,tensorflow,CWE-120
289,flawfinder,tensorflow,CWE-120
289,flawfinder,tensorflow,CWE-120
289,flawfinder,tensorflow,CWE-120
289,flawfinder,tensorflow,CWE-120
289,flawfinder,tensorflow,CWE-120
289,flawfinder,tensorflow,CWE-120
289,flawfinder,tensorflow,CWE-120
289,flawfinder,tensorflow,CWE-120
289,flawfinder,tensorflow,CWE-120
289,flawfinder,tensorflow,CWE-120
289,flawfinder,tensorflow,CWE-120
289,flawfinder,tensorflow,CWE-120
289,flawfinder,tensorflow,CWE-120
289,flawfinder,tensorflow,CWE-120
289,flawfinder,tensorflow,CWE-120
289,flawfinder,tensorflow,CWE-120
289,flawfinder,tensorflow,CWE-120
289,flawfinder,tensorflow,CWE-120
289,flawfinder,tensorflow,CWE-120
289,flawfinder,tensorflow,CWE-120
289,flawfinder,tensorflow,CWE-120
289,flawfinder,tensorflow,CWE-120
289,flawfinder,tensorflow,CWE-120
289,flawfinder,tensorflow,CWE-362
289,flawfinder,tensorflow,CWE-362
289,flawfinder,tensorflow,CWE-120
289,flawfinder,tensorflow,CWE-20
290,flawfinder,tensorflow,CWE-120
290,flawfinder,tensorflow,CWE-120
290,flawfinder,tensorflow,CWE-120
290,flawfinder,tensorflow,CWE-120
290,flawfinder,tensorflow,CWE-120
290,flawfinder,tensorflow,CWE-120
290,flawfinder,tensorflow,CWE-120
290,flawfinder,tensorflow,CWE-120
290,flawfinder,tensorflow,CWE-120
291,flawfinder,tensorflow,CWE-120
293,flawfinder,tensorflow,CWE-120
293,flawfinder,tensorflow,CWE-120
293,flawfinder,tensorflow,CWE-120
293,flawfinder,tensorflow,CWE-120
293,flawfinder,tensorflow,CWE-120
293,flawfinder,tensorflow,CWE-120
293,flawfinder,tensorflow,CWE-120
293,flawfinder,tensorflow,CWE-120
293,flawfinder,tensorflow,CWE-120
293,flawfinder,tensorflow,CWE-120
293,flawfinder,tensorflow,CWE-120
294,flawfinder,tensorflow,CWE-120
295,flawfinder,tensorflow,CWE-120
295,flawfinder,tensorflow,CWE-120
295,flawfinder,tensorflow,CWE-120
295,flawfinder,tensorflow,CWE-120
296,flawfinder,tensorflow,CWE-120
301,flawfinder,tensorflow,CWE-120
301,flawfinder,tensorflow,CWE-120
301,flawfinder,tensorflow,CWE-120
301,flawfinder,tensorflow,CWE-120
301,flawfinder,tensorflow,CWE-120
301,flawfinder,tensorflow,CWE-120
301,flawfinder,tensorflow,CWE-120
301,flawfinder,tensorflow,CWE-120
301,flawfinder,tensorflow,CWE-120
301,flawfinder,tensorflow,CWE-120
301,flawfinder,tensorflow,CWE-120
301,flawfinder,tensorflow,CWE-120
301,flawfinder,tensorflow,CWE-120
301,flawfinder,tensorflow,CWE-120
301,flawfinder,tensorflow,CWE-120
301,flawfinder,tensorflow,CWE-120
301,flawfinder,tensorflow,CWE-120
301,flawfinder,tensorflow,CWE-120
301,flawfinder,tensorflow,CWE-120
301,flawfinder,tensorflow,CWE-120
301,flawfinder,tensorflow,CWE-120
301,flawfinder,tensorflow,CWE-120
301,flawfinder,tensorflow,CWE-120
301,flawfinder,tensorflow,CWE-120
301,flawfinder,tensorflow,CWE-120
301,flawfinder,tensorflow,CWE-120
301,flawfinder,tensorflow,CWE-120
306,flawfinder,tensorflow,CWE-120
306,flawfinder,tensorflow,CWE-120
312,flawfinder,tensorflow,CWE-120
312,flawfinder,tensorflow,CWE-120
312,flawfinder,tensorflow,CWE-120
313,flawfinder,tensorflow,CWE-126
317,flawfinder,tensorflow,CWE-120
317,flawfinder,tensorflow,CWE-120
317,flawfinder,tensorflow,CWE-120
317,flawfinder,tensorflow,CWE-120
317,flawfinder,tensorflow,CWE-120
317,flawfinder,tensorflow,CWE-120
321,flawfinder,tensorflow,CWE-120
321,flawfinder,tensorflow,CWE-120
321,flawfinder,tensorflow,CWE-120
321,flawfinder,tensorflow,CWE-120
321,flawfinder,tensorflow,CWE-120
321,flawfinder,tensorflow,CWE-120
321,flawfinder,tensorflow,CWE-120
321,flawfinder,tensorflow,CWE-120
321,flawfinder,tensorflow,CWE-120
321,flawfinder,tensorflow,CWE-120
321,flawfinder,tensorflow,CWE-120
321,flawfinder,tensorflow,CWE-120
321,flawfinder,tensorflow,CWE-120
321,flawfinder,tensorflow,CWE-120
321,flawfinder,tensorflow,CWE-120
321,flawfinder,tensorflow,CWE-120
321,flawfinder,tensorflow,CWE-120
321,flawfinder,tensorflow,CWE-120
321,flawfinder,tensorflow,CWE-120
321,flawfinder,tensorflow,CWE-120
321,flawfinder,tensorflow,CWE-120
321,flawfinder,tensorflow,CWE-120
321,flawfinder,tensorflow,CWE-120
321,flawfinder,tensorflow,CWE-120
321,flawfinder,tensorflow,CWE-120
321,flawfinder,tensorflow,CWE-120
321,flawfinder,tensorflow,CWE-120
321,flawfinder,tensorflow,CWE-120
321,flawfinder,tensorflow,CWE-120
321,flawfinder,tensorflow,CWE-120
321,flawfinder,tensorflow,CWE-120
321,flawfinder,tensorflow,CWE-120
321,flawfinder,tensorflow,CWE-120
321,flawfinder,tensorflow,CWE-120
321,flawfinder,tensorflow,CWE-120
321,flawfinder,tensorflow,CWE-120
321,flawfinder,tensorflow,CWE-120
321,flawfinder,tensorflow,CWE-120
321,flawfinder,tensorflow,CWE-120
321,flawfinder,tensorflow,CWE-120
321,flawfinder,tensorflow,CWE-120
321,flawfinder,tensorflow,CWE-120
321,flawfinder,tensorflow,CWE-120
321,flawfinder,tensorflow,CWE-120
321,flawfinder,tensorflow,CWE-120
321,flawfinder,tensorflow,CWE-120
322,flawfinder,tensorflow,CWE-120
322,flawfinder,tensorflow,CWE-120
322,flawfinder,tensorflow,CWE-120
322,flawfinder,tensorflow,CWE-120
322,flawfinder,tensorflow,CWE-120
322,flawfinder,tensorflow,CWE-120
322,flawfinder,tensorflow,CWE-120
322,flawfinder,tensorflow,CWE-120
322,flawfinder,tensorflow,CWE-120
322,flawfinder,tensorflow,CWE-120
322,flawfinder,tensorflow,CWE-120
322,flawfinder,tensorflow,CWE-120
322,flawfinder,tensorflow,CWE-120
322,flawfinder,tensorflow,CWE-120
322,flawfinder,tensorflow,CWE-120
322,flawfinder,tensorflow,CWE-120
324,flawfinder,tensorflow,CWE-120
324,flawfinder,tensorflow,CWE-120
324,flawfinder,tensorflow,CWE-120
324,flawfinder,tensorflow,CWE-120
324,flawfinder,tensorflow,CWE-120
324,flawfinder,tensorflow,CWE-120
324,flawfinder,tensorflow,CWE-120
324,flawfinder,tensorflow,CWE-120
324,flawfinder,tensorflow,CWE-120
324,flawfinder,tensorflow,CWE-120
324,flawfinder,tensorflow,CWE-120
324,flawfinder,tensorflow,CWE-120
324,flawfinder,tensorflow,CWE-120
324,flawfinder,tensorflow,CWE-120
324,flawfinder,tensorflow,CWE-120
324,flawfinder,tensorflow,CWE-120
324,flawfinder,tensorflow,CWE-120
324,flawfinder,tensorflow,CWE-120
324,flawfinder,tensorflow,CWE-120
324,flawfinder,tensorflow,CWE-120
324,flawfinder,tensorflow,CWE-120
325,flawfinder,tensorflow,CWE-120
326,flawfinder,tensorflow,CWE-120
327,flawfinder,tensorflow,CWE-120
327,flawfinder,tensorflow,CWE-120
327,flawfinder,tensorflow,CWE-120
327,flawfinder,tensorflow,CWE-120
327,flawfinder,tensorflow,CWE-120
327,flawfinder,tensorflow,CWE-120
327,flawfinder,tensorflow,CWE-120
327,flawfinder,tensorflow,CWE-120
327,flawfinder,tensorflow,CWE-120
327,flawfinder,tensorflow,CWE-120
327,flawfinder,tensorflow,CWE-120
327,flawfinder,tensorflow,CWE-120
327,flawfinder,tensorflow,CWE-120
327,flawfinder,tensorflow,CWE-120
327,flawfinder,tensorflow,CWE-120
327,flawfinder,tensorflow,CWE-120
330,flawfinder,tensorflow,CWE-120
330,flawfinder,tensorflow,CWE-120
330,flawfinder,tensorflow,CWE-120
330,flawfinder,tensorflow,CWE-120
330,flawfinder,tensorflow,CWE-120
330,flawfinder,tensorflow,CWE-126
333,flawfinder,tensorflow,CWE-120
334,flawfinder,tensorflow,CWE-120
334,flawfinder,tensorflow,CWE-120
335,flawfinder,tensorflow,CWE-119
335,flawfinder,tensorflow,CWE-120
335,flawfinder,tensorflow,CWE-119
335,flawfinder,tensorflow,CWE-120
337,flawfinder,tensorflow,CWE-120
337,flawfinder,tensorflow,CWE-120
337,flawfinder,tensorflow,CWE-126
337,flawfinder,tensorflow,CWE-126
337,flawfinder,tensorflow,CWE-126
337,flawfinder,tensorflow,CWE-126
341,flawfinder,tensorflow,CWE-120
341,flawfinder,tensorflow,CWE-120
341,flawfinder,tensorflow,CWE-120
341,flawfinder,tensorflow,CWE-120
341,flawfinder,tensorflow,CWE-120
341,flawfinder,tensorflow,CWE-120
341,flawfinder,tensorflow,CWE-120
341,flawfinder,tensorflow,CWE-120
341,flawfinder,tensorflow,CWE-120
341,flawfinder,tensorflow,CWE-120
341,flawfinder,tensorflow,CWE-120
341,flawfinder,tensorflow,CWE-120
341,flawfinder,tensorflow,CWE-120
341,flawfinder,tensorflow,CWE-120
343,flawfinder,tensorflow,CWE-120
343,flawfinder,tensorflow,CWE-120
343,flawfinder,tensorflow,CWE-120
343,flawfinder,tensorflow,CWE-120
343,flawfinder,tensorflow,CWE-120
344,flawfinder,tensorflow,CWE-126
345,flawfinder,tensorflow,CWE-119
345,flawfinder,tensorflow,CWE-120
345,flawfinder,tensorflow,CWE-119
345,flawfinder,tensorflow,CWE-120
346,flawfinder,tensorflow,CWE-120
346,flawfinder,tensorflow,CWE-120
346,flawfinder,tensorflow,CWE-120
346,flawfinder,tensorflow,CWE-120
346,flawfinder,tensorflow,CWE-120
346,flawfinder,tensorflow,CWE-327
